,Name,Price,postDate,HasImage,Attributes,postID,contactInfo,distance
8,iPhone X 256GB,500,2019-11-27 16:01,TRUE,Unknown,7025869113,TRUE,10.246047191510900
9,iPhone X 256GB,480,2019-11-27 14:25,TRUE,Unknown,7028269839,TRUE,10.246047191510900
10,Sell me your Iphone X ! Top %^& BuyeR!,0,2019-11-27 12:34,TRUE,like new,7026421521,FALSE,10.658264005575700
11,NIB Luvvitt Clear iPhone X/XS Case,5,2019-11-27 11:45,TRUE,new,7019510659,TRUE,22.056847557337600
12,FIRM PRICE! Brand New Slim Soft Silicone Case for iPhone X or XS,20,2019-11-27 11:21,TRUE,new,7010362949,FALSE,11.36474645482840
13,LIFEPROOF FRE IPHONE X CASE BRAND NEW!!,60,2019-11-27 10:35,TRUE,new,7023537820,FALSE,12.026527656315700
14,iPhone X 256 GB UNLOCKED,425,2019-11-26 19:55,TRUE,like new,7027841001,FALSE,8.38149755343288
15,"iPhone X, Space Grey, 64GB",350,2019-11-26 17:04,TRUE,good,7027816408,FALSE,14.559748087341600
16,iPhone X 256GB Brand New,600,2019-11-26 16:49,TRUE,new,7027802022,FALSE,14.37831245773690
17,iPhone X,500,2019-11-26 15:01,TRUE,Unknown,7027751624,FALSE,22.405762171744900
18,===iPHONE 10 (X)===EXCELLENT COND=== 64GB===TMOBILE===14 months old===,550,2019-11-26 09:47,TRUE,Unknown,7022245259,TRUE,15.93832609823100
19,Firm Price! Brand New Case for iPhone X or XS,10,2019-11-26 09:28,TRUE,new,7014301319,FALSE,11.36474645482840
20,X--PASS code IPHONE TOP bUyeR%# CASSH4:'.GALAXY:,0,2019-11-26 08:57,TRUE,Unknown,7027421248,FALSE,13.369987021648200
21,X--PASS code IPHONE TOP bUyeR%# CASSH4:'.GALAXY:,0,2019-11-26 08:26,TRUE,Unknown,7027421210,FALSE,13.369987021648200
22,"BUY**++iPhone X//// 256 Gig FACTORY\??UN LOCKED..,, NEEED///#@@",0,2019-11-26 08:20,TRUE,excellent,7027409534,FALSE,10.246047191510900
23,iPhone X 256 GB UNLOCKED,525,2019-11-25 18:54,TRUE,like new,7027203205,FALSE,8.38149755343288
24,iPhone X 256 GB UNLOCKED,525,2019-11-25 17:19,TRUE,like new,7025454464,TRUE,8.38149755343288
25,FIRM PRICE! Brand New Premium Case for iPhone X or XS,15,2019-11-25 16:27,TRUE,new,7009025027,FALSE,11.36474645482840
26,Slighlty cracked Glass Protector / negotiable,0,2019-11-25 14:38,TRUE,Unknown,7010978542,FALSE,16.093159241408200
27,Slighlty cracked Glass Protector / negotiable,0,2019-11-25 12:48,TRUE,Unknown,7010978540,FALSE,16.093159241408200
28,Apple iPhone X 64GB Black Unlocked,520,2019-11-25 12:24,TRUE,like new,7027018431,FALSE,9.243227078260860
29,New iPhone X 256GB,500,2019-11-25 09:32,TRUE,new,7026878565,FALSE,12.12631917530570
30,BUYRER%% Wan;Ted Phone iPHONE -X-8 Sealed iN BoX.,0,2019-11-25 09:11,TRUE,Unknown,7014643856,FALSE,10.524414242987800
31,iPhone X,425,2019-11-24 19:14,TRUE,Unknown,7026603129,FALSE,19.09275185410240
32,Tip Top Shape batteries and ready to go,0,2019-11-24 11:15,TRUE,Unknown,7026350045,TRUE,13.369987021648200
33,Tip Top Shape batteries and ready to go,0,2019-11-24 11:11,TRUE,Unknown,7026350055,TRUE,13.369987021648200
34,FIRM PRICE! NEW Premium Red Case for iPhone X or XS,15,2019-11-24 05:06,TRUE,new,7013102786,FALSE,11.36474645482840
35,FIRM PRICE! NO Offers. NEW Case for iPhone X or XS,15,2019-11-24 05:06,TRUE,new,7013107965,FALSE,11.36474645482840
36,FIRM PRICE! Brand New Premium Case for iPhone X or XS,15,2019-11-24 05:03,TRUE,new,7008178924,FALSE,11.36474645482840
37,Firm Price! Brand New Wallet Case for iPhone X or XS,15,2019-11-24 05:03,TRUE,new,7017206091,FALSE,11.36474645482840
38,New BodyGuardz Apple iPhone Xs/X Tempered Glass Screen Protector,35,2019-11-23 22:38,TRUE,new,7014181278,FALSE,5.919368741228190
39,New BodyGuardz Apple iPhone Xs/X Tempered Glass Screen Protector,35,2019-11-23 22:38,TRUE,new,7014189427,FALSE,5.919368741228190
40,New BodyGuardz Apple iPhone Xs/X Tempered Glass Screen Protector,35,2019-11-23 22:38,TRUE,new,7014190543,FALSE,5.919368741228190
41,Original iPhone chargers,10,2019-11-23 13:58,TRUE,new,7025933907,FALSE,18.544331350715500
42,Cellphone battery pack for iPhone X or Iphone XS,30,2019-11-23 13:07,TRUE,like new,7017024626,FALSE,18.544331350715500
43,BUYRER%% Wan;Ted Phone iPHONE -X-8 Sealed iN BoX.,0,2019-11-23 12:06,TRUE,Unknown,7014643883,FALSE,10.524414242987800
44,Iphone X Att - Black 256 GB - Gently Used,500,2019-11-23 09:45,TRUE,good,7025743855,FALSE,12.026527656315700
45,Apple - iPhone X 256GB - Silver (NEW),700,2019-11-22 22:36,TRUE,Unknown,7014245641,FALSE,12.12631917530570
46,"iPhone X 256GB , UnLocked",580,2019-11-22 22:31,TRUE,excellent,7011042103,FALSE,2.22786771072064
47,AT&T iPhone X,300,2019-11-22 19:02,TRUE,Unknown,7021001869,FALSE,21.942059386855500
48,iPhone X 64gb,475,2019-11-22 17:14,TRUE,Unknown,7025415664,FALSE,5.585629338335540
49,iPhone X - Sprint,375,2019-11-22 13:25,TRUE,Unknown,7025272880,FALSE,18.544331350715500
50,"X-buy Iphone 11 MAX,PLUS wants@ MACBO_OK*& XS 512GB MA@X.<:",0,2019-11-22 12:54,TRUE,good,7025177821,FALSE,16.87822244149900
51,BUY!!iPHONE 8 8 PLUS X 10 7 (BUY GALAXY) S9/S9+@,0,2019-11-22 12:29,TRUE,Unknown,7022029118,FALSE,9.333879685355680
52,New iPhone X 256 GB,600,2019-11-22 12:05,TRUE,new,7025210512,FALSE,12.12631917530570
53,BUY!!iPHONE 8 8 PLUS X 10 7 (BUY GALAXY) S9/S9+@,0,2019-11-22 12:02,TRUE,Unknown,7022029098,FALSE,9.333879685355680
54,FIRM PRICE! NO Offers. Brand New Premium Case for iPhone X or XS,15,2019-11-22 11:18,TRUE,new,7020795575,FALSE,11.36474645482840
55,iPhone X 64GB AT&T,400,2019-11-22 10:47,TRUE,excellent,7025146552,FALSE,20.91020898145240
56,X--PASS code IPHONE TOP bUyeR%# CASSH4:'.GALAXY:,0,2019-11-22 09:15,TRUE,Unknown,7022704626,FALSE,10.658264005575700
57,X--PASS code IPHONE TOP bUyeR%# CASSH4:'.GALAXY:,0,2019-11-22 09:07,TRUE,Unknown,7022704595,FALSE,10.658264005575700
58,BUY!!iPHONE 8 8 PLUS X 10 7 (BUY GALAXY) S9/S9+@,0,2019-11-22 08:54,TRUE,Unknown,7022690833,FALSE,10.658264005575700
59,BUY!!iPHONE 8 8 PLUS X 10 7 (BUY GALAXY) S9/S9+@,0,2019-11-22 08:45,TRUE,Unknown,7022690948,FALSE,10.658264005575700
60,FIRM PRICE! NO Offers. NEW Case for iPhone X or XS,15,2019-11-22 08:43,TRUE,new,7011404455,FALSE,11.36474645482840
61,BUY!!iPHONE 8 8 PLUS X 10 7 (BUY GALAXY) S9/S9+@,0,2019-11-22 08:33,TRUE,Unknown,7022690904,FALSE,10.658264005575700
62,v X--PASS code IPHONE TOP bUyeR%# CASSH4:'.GALAXY:,0,2019-11-22 07:26,TRUE,Unknown,7021249825,FALSE,10.658264005575700
63,v X--PASS code IPHONE TOP bUyeR%# CASSH4:'.GALAXY:,0,2019-11-22 07:26,TRUE,Unknown,7021249757,FALSE,10.658264005575700
64,iPhone X Silver 256GB Unlocked all original parts and fully functional,407,2019-11-22 06:03,TRUE,like new,7024896997,TRUE,23.247891137309700
65,iPhone X 256 GB T-Mobile,650,2019-11-21 19:36,TRUE,excellent,7024806415,FALSE,18.812958613471000
66,Iphone X 256 Verizon unlocked,525,2019-11-21 18:12,FALSE,excellent,7024776401,FALSE,13.058698165001600
67,IPhone X Case Game Console Play Gameboy Tetris,10,2019-11-21 17:20,TRUE,new,7019410343,FALSE,13.058698165001600
68,CALL NOW~!@ BUY IPHONE 7plus 8plus X XS max !~,0,2019-11-21 14:43,TRUE,Unknown,7023223708,FALSE,9.333879685355680
69,CALL NOW~!@ BUY IPHONE 7plus 8plus X XS max !~,0,2019-11-21 14:43,TRUE,Unknown,7023223812,FALSE,9.333879685355680
70,CALL NOW~!@ BUY IPHONE 7plus 8plus X XS max !~,0,2019-11-21 14:10,TRUE,Unknown,7021851571,FALSE,9.333879685355680
71,CALL NOW~!@ BUY IPHONE 7plus 8plus X XS max !~,0,2019-11-21 13:41,TRUE,Unknown,7021851485,FALSE,9.333879685355680
72,CALL NOW~!@ BUY IPHONE 7plus 8plus X XS max !~,0,2019-11-21 12:57,TRUE,Unknown,7021851539,FALSE,9.333879685355680
73,FIRM PRICE! NO Offers. Brand New Premium Case for iPhone X or XS,15,2019-11-21 11:28,TRUE,new,7020184038,FALSE,11.36474645482840
74,FIRM PRICE! NO Offers. NEW Case for iPhone X or XS,15,2019-11-21 10:53,TRUE,new,7015648095,FALSE,11.36474645482840
75,FIRM PRICE! NO Offers. NEW Case for iPhone X or XS,15,2019-11-21 10:49,TRUE,new,7010981108,FALSE,11.36474645482840
76,"*~*~* FAST & RELIABLE REPAIR*~*~* IPHONE 5 6 7 8 X, SAMSUNG, NOTE,IPAD",0,2019-11-21 09:57,TRUE,like new,7019411519,FALSE,13.369987021648200
77,"*~*~* FAST & RELIABLE REPAIR*~*~* IPHONE 5 6 7 8 X, SAMSUNG, NOTE,IPAD",0,2019-11-21 09:26,TRUE,like new,7019410634,FALSE,13.369987021648200
78,Unlocked iPhone X Silver 256gb Clean for Verizon Super HD camera,420,2019-11-21 07:31,TRUE,good,7024280958,TRUE,23.247891137309700
79,iPhone X / XR / XS MAX SCREEN REPAIR,0,2019-11-18 11:41,TRUE,Unknown,7022569121,TRUE,12.906395046452100
80,Unlock iPhone Repair! screen battery glass cheaper Deal -Unlock,0,2019-11-28 09:14,TRUE,Unknown,7028573483,FALSE,8.38149755343288
81,Unlock iPhone Repair! screen battery glass cheaper Deal -Unlock,0,2019-11-28 09:04,TRUE,Unknown,7028573435,FALSE,8.38149755343288
82,We FIX Cell Phones- iPhone Repair & We FlaSh PhOnes to Boost Mobile,0,2019-11-28 08:59,TRUE,Unknown,7028540950,FALSE,3.1604504029266800
83,Unlock iPhone Repair! screen battery glass cheaper Deal -Unlock,0,2019-11-28 08:59,TRUE,Unknown,7028573470,FALSE,8.38149755343288
84,We FIX Cell Phones- iPhone Repair & We FlaSh PhOnes to Boost Mobile,0,2019-11-28 08:52,TRUE,Unknown,7028540970,FALSE,3.1604504029266800
85,We FIX Cell Phones- iPhone Repair & We FlaSh PhOnes to Boost Mobile,0,2019-11-28 08:20,TRUE,Unknown,7028540987,FALSE,3.1604504029266800
86,Unlock iPhone Repair! screen battery glass cheaper Deal -Unlock,0,2019-11-28 08:04,TRUE,Unknown,7028549484,FALSE,12.374731283630100
87,We FIX Cell Phones- iPhone Repair & We FlaSh PhOnes to Boost Mobile,0,2019-11-28 08:01,TRUE,Unknown,7028540984,FALSE,3.1604504029266800
88,We FIX Cell Phones- iPhone Repair & We FlaSh PhOnes to Boost Mobile,0,2019-11-28 07:59,TRUE,Unknown,7028534911,TRUE,10.246047191510900
89,We FIX Cell Phones- iPhone Repair & We FlaSh PhOnes to Boost Mobile,0,2019-11-28 07:53,TRUE,Unknown,7028534932,TRUE,10.246047191510900
90,We FIX Cell Phones- iPhone Repair & We FlaSh PhOnes to Boost Mobile,0,2019-11-28 07:52,TRUE,Unknown,7028534885,TRUE,10.246047191510900
91,Unlock iPhone Repair! screen battery glass cheaper Deal -Unlock,0,2019-11-28 07:47,TRUE,Unknown,7028549548,FALSE,12.374731283630100
92,Unlock iPhone Repair! screen battery glass cheaper Deal -Unlock,0,2019-11-28 07:38,TRUE,Unknown,7028549546,FALSE,12.374731283630100
93,Unlock iPhone Repair! screen battery glass cheaper Deal -Unlock,0,2019-11-28 07:35,TRUE,Unknown,7028549532,FALSE,12.374731283630100
94,IPhone Samsung Cell Phone Screen Repair SPECIALS ALL DAY!,0,2019-11-28 06:35,TRUE,like new,7028508705,FALSE,10.246047191510900
95,IPhone Samsung Cell Phone Screen Repair SPECIALS ALL DAY!,0,2019-11-28 06:28,TRUE,like new,7028508650,FALSE,10.246047191510900
96,IPhone Samsung Cell Phone Screen Repair SPECIALS ALL DAY!,0,2019-11-28 06:21,TRUE,like new,7028508671,FALSE,10.246047191510900
97,********LIKE NEW MOPHIE JUICE PACK HELIUM IPHONE 5/5S********,75,2019-11-27 20:10,TRUE,like new,7025731716,FALSE,14.849251339555500
98,iPhone 6S Plus - 64GB - Silver - Unlocked (was AT&T),200,2019-11-27 15:02,TRUE,good,7028331996,FALSE,5.174588678026390
99,iPhone repair - I come to you,1,2019-11-27 12:58,FALSE,Unknown,7028206068,TRUE,13.851058101515800
100,iHome Speakers for iPhone iPod Bongiovi DPS Chargin Dock Power Adapter,35,2019-11-27 09:32,TRUE,excellent,7028082052,TRUE,7.061859825900860
101,JVC NEW headunit iPhone Android Bluetooth MP3 Aux Micro SD USB Pandora,80,2019-11-27 07:43,TRUE,Unknown,7027991607,TRUE,2.114156881151910
102,iPhone iPad Galaxy Note Expert Fixing Screens,1,2019-11-26 19:13,TRUE,Unknown,7027850730,FALSE,18.812958613471000
103,Looking to buy iPhone or Galaxy,12345,2019-11-26 18:56,TRUE,Unknown,7020852573,TRUE,6.1423166155169300
104,iPhone iPad Galaxy Note Expert Fixing Screens,1,2019-11-26 18:50,TRUE,Unknown,7027850677,FALSE,18.812958613471000
105,iPhone iPad Galaxy Note Expert Fixing Screens,1,2019-11-26 18:49,TRUE,Unknown,7027850611,FALSE,18.812958613471000
106,">Iphone plus, pro,max 2/3/4/Mini/Ipad Air Repair(",0,2019-11-26 14:23,TRUE,Unknown,7026176345,FALSE,12.374731283630100
107,">Iphone plus, pro,max 2/3/4/Mini/Ipad Air Repair(",0,2019-11-26 13:48,TRUE,Unknown,7026176321,FALSE,12.374731283630100
108,">Iphone plus, pro,max 2/3/4/Mini/Ipad Air Repair(",0,2019-11-26 13:38,TRUE,Unknown,7026176312,FALSE,12.374731283630100
109,Same Day iPhone Repair / Fix **LOWEST PRICES IN THE CITY**,0,2019-11-26 10:34,TRUE,Unknown,7027540533,TRUE,12.687232062916700
110,iPhone / Samsung cracked Screen Technician,2,2019-11-26 10:35,TRUE,Unknown,7027552394,TRUE,18.812958613471000
111,Same Day iPhone Repair / Fix **LOWEST PRICES IN THE CITY**,0,2019-11-26 10:28,TRUE,Unknown,7027540483,TRUE,12.687232062916700
112,Same Day iPhone Repair / Fix **LOWEST PRICES IN THE CITY**,0,2019-11-26 10:24,TRUE,Unknown,7027540506,TRUE,12.687232062916700
113,">Iphone plus, pro,max 2/3/4/Mini/Ipad Air Repair(",0,2019-11-26 08:59,TRUE,Unknown,7020057221,FALSE,11.344987515936800
114,Mint Glass Protector / firm on price,0,2019-11-26 08:36,TRUE,Unknown,7027440367,FALSE,12.687232062916700
115,Mint Glass Protector / firm on price,0,2019-11-26 08:36,TRUE,Unknown,7027440421,FALSE,12.687232062916700
116,Mint Glass Protector / firm on price,0,2019-11-26 08:32,TRUE,Unknown,7027440420,FALSE,12.687232062916700
117,">Iphone plus, pro,max 2/3/4/Mini/Ipad Air Repair(",0,2019-11-26 08:16,TRUE,Unknown,7020057254,FALSE,11.344987515936800
118,10000mAh Universal Portable Power Bank Qi Wireless Charger for iPhone,30,2019-11-26 08:05,TRUE,new,7020895449,FALSE,19.85258401851250
119,New  Wireless Bluetooth Keyboard x Laptop,15,2019-11-25 16:19,TRUE,new,7027147262,FALSE,10.246047191510900
120,"Samsung Gear S2 smart watch, galaxy iPhone compatible, men/women",80,2019-11-25 16:04,TRUE,like new,7008462586,FALSE,20.777976551649000
121,maCboook WAAAAntEED iPHONE 7PLUS,0,2019-11-25 10:05,TRUE,like new,7025646310,TRUE,12.687232062916700
122,‚ñá ‚ñáCA$H PAID 4 IPHONE IPAD MACBOOK GALAXY ‚ñá ‚ñá CASH NOW ‚ñá ‚ñá $ ‚ñá ‚ñá,900,2019-11-24 19:28,TRUE,Unknown,7026608810,FALSE,1245.247032431580
123,‚ñá ‚ñáCA$H PAID 4 IPHONE IPAD MACBOOK GALAXY ‚ñá ‚ñá CASH NOW ‚ñá ‚ñá $ ‚ñá ‚ñá,900,2019-11-24 17:41,TRUE,Unknown,7026569983,FALSE,1245.247032431580
124,‚ñá ‚ñáCA$H PAID 4 IPHONE IPAD MACBOOK GALAXY ‚ñá ‚ñá CASH NOW ‚ñá ‚ñá $ ‚ñá ‚ñá,900,2019-11-24 17:10,TRUE,Unknown,7026556882,FALSE,1245.247032431580
125,‚ñá ‚ñáCA$H PAID 4 IPHONE IPAD MACBOOK GALAXY ‚ñá ‚ñá CASH NOW ‚ñá ‚ñá $ ‚ñá ‚ñá,900,2019-11-24 16:02,TRUE,Unknown,7026526101,FALSE,1245.247032431580
126,‚ñá ‚ñáCA$H PAID 4 IPHONE IPAD MACBOOK GALAXY ‚ñá ‚ñá CASH NOW ‚ñá ‚ñá $ ‚ñá ‚ñá,900,2019-11-24 15:23,TRUE,Unknown,7026506652,FALSE,1245.247032431580
127,‚ñá ‚ñáCA$H PAID 4 IPHONE IPAD MACBOOK GALAXY ‚ñá ‚ñá CASH NOW ‚ñá ‚ñá $ ‚ñá ‚ñá,900,2019-11-24 13:57,TRUE,Unknown,7026459290,FALSE,1245.247032431580
128,‚ñá ‚ñáCA$H PAID 4 IPHONE IPAD MACBOOK GALAXY ‚ñá ‚ñá CASH NOW ‚ñá ‚ñá $ ‚ñá ‚ñá,900,2019-11-24 13:39,TRUE,Unknown,7026448601,FALSE,1245.247032431580
129,‚ñá ‚ñáCA$H PAID 4 IPHONE IPAD MACBOOK GALAXY ‚ñá ‚ñá CASH NOW ‚ñá ‚ñá $ ‚ñá ‚ñá,900,2019-11-23 17:03,TRUE,Unknown,7026034235,FALSE,1245.247032431580
130,‚ñá ‚ñáCA$H PAID 4 IPHONE IPAD MACBOOK GALAXY ‚ñá ‚ñá CASH NOW ‚ñá ‚ñá $ ‚ñá ‚ñá,900,2019-11-23 16:36,TRUE,Unknown,7026022840,FALSE,1245.247032431580
131,‚ñá ‚ñáCA$H PAID 4 IPHONE IPAD MACBOOK GALAXY ‚ñá ‚ñá CASH NOW ‚ñá ‚ñá $ ‚ñá ‚ñá,900,2019-11-23 14:37,TRUE,Unknown,7025963750,FALSE,1245.247032431580
132,iPhone iCloud Lock Bypass,49,2019-11-22 17:08,TRUE,Unknown,7025350939,FALSE,12.12631917530570
133,Apple iPhone 1 - 8GB Black & Silver 2G AT&T GSM/EDGE,95,2019-11-22 15:52,TRUE,excellent,7025371983,FALSE,14.37831245773690
134,"Apple iPhone XR 64GB, excellent condition, like new",450,2019-11-22 13:18,TRUE,like new,7025267542,TRUE,24.74078410915120
135,‚ñá ‚ñáCA$H PAID 4 IPHONE IPAD MACBOOK GALAXY ‚ñá ‚ñá CASH NOW ‚ñá ‚ñá $ ‚ñá ‚ñá,9999,2019-11-22 11:16,TRUE,Unknown,7025174343,FALSE,7.893485586560030
136,Iphone - Iphone Buy - Iphone Sell - Iphone Top Buyer - Sell Iphone,12345,2019-11-21 08:56,TRUE,Unknown,7024403798,TRUE,14.573822163862500
137,Cell Phone iPhone Galaxy iPad Repair Service in San Diego near you,1,2019-11-21 08:39,TRUE,new,7024389345,TRUE,6.120917797571520
138,‚ñá‚ñá‚ñá WE iPHONE & SAMSUNG ALL CARRIER NEW /USED @ 619-384-0928,999,2019-11-19 22:10,TRUE,Unknown,7023552157,TRUE,9.333879685355680
139,‚ñá‚ñá‚ñá WE iPHONE & SAMSUNG ALL CARRIER NEW /USED @ 619-384-0928,0,2019-11-19 21:48,TRUE,Unknown,7023548204,TRUE,9.333879685355680
140,‚ñá‚ñá‚ñá WE iPHONE & SAMSUNG ALL CARRIER NEW /USED @ 619-384-0928,0,2019-11-19 21:44,TRUE,Unknown,7023547436,TRUE,12.687232062916700
141,‚ñá ‚ñáCA$H PAID 4 IPHONE IPAD MACBOOK GALAXY ‚ñá ‚ñá CASH NOW ‚ñá ‚ñá $ ‚ñá ‚ñá,900,2019-11-17 19:08,TRUE,Unknown,7022159374,FALSE,1245.247032431580
142,‚ñá ‚ñáCA$H PAID 4 IPHONE IPAD MACBOOK GALAXY ‚ñá ‚ñá CASH NOW ‚ñá ‚ñá $ ‚ñá ‚ñá,900,2019-11-17 18:18,TRUE,Unknown,7022140759,FALSE,1245.247032431580
143,‚ñá ‚ñáCA$H PAID 4 IPHONE IPAD MACBOOK GALAXY ‚ñá ‚ñá CASH NOW ‚ñá ‚ñá $ ‚ñá ‚ñá,900,2019-11-17 17:26,TRUE,Unknown,7022119424,FALSE,1245.247032431580
144,‚ñá ‚ñáCA$H PAID 4 IPHONE IPAD MACBOOK GALAXY ‚ñá ‚ñá CASH NOW ‚ñá ‚ñá $ ‚ñá ‚ñá,900,2019-11-17 15:14,TRUE,Unknown,7022057306,FALSE,1245.247032431580
145,‚ñá ‚ñáCA$H PAID 4 IPHONE IPAD MACBOOK GALAXY ‚ñá ‚ñá CASH NOW ‚ñá ‚ñá $ ‚ñá ‚ñá,900,2019-11-17 14:32,TRUE,Unknown,7022034781,FALSE,1245.247032431580
146,‚ñá ‚ñáCA$H PAID 4 IPHONE IPAD MACBOOK GALAXY ‚ñá ‚ñá CASH NOW ‚ñá ‚ñá $ ‚ñá ‚ñá,900,2019-11-17 13:12,TRUE,Unknown,7021987278,FALSE,1245.247032431580
147,‚ñá ‚ñáCA$H PAID 4 IPHONE IPAD MACBOOK GALAXY ‚ñá ‚ñá CASH NOW ‚ñá ‚ñá $ ‚ñá ‚ñá,900,2019-11-17 11:52,TRUE,Unknown,7021934247,FALSE,1245.247032431580
148,‚ñá ‚ñáCA$H PAID 4 IPHONE IPAD MACBOOK GALAXY ‚ñá ‚ñá CASH NOW ‚ñá ‚ñá $ ‚ñá ‚ñá,900,2019-11-17 11:07,TRUE,Unknown,7021903166,FALSE,1245.247032431580
149,‚ñá ‚ñáCA$H PAID 4 IPHONE IPAD MACBOOK GALAXY ‚ñá ‚ñá CASH NOW ‚ñá ‚ñá $ ‚ñá ‚ñá,900,2019-11-17 10:15,TRUE,Unknown,7021868312,FALSE,1245.247032431580
150,‚ñá ‚ñáCA$H PAID 4 IPHONE IPAD MACBOOK GALAXY ‚ñá ‚ñá CASH NOW ‚ñá ‚ñá $ ‚ñá ‚ñá,900,2019-11-16 18:34,TRUE,Unknown,7021608531,FALSE,1245.247032431580
151,‚ñá ‚ñáCA$H PAID 4 IPHONE IPAD MACBOOK GALAXY ‚ñá ‚ñá CASH NOW ‚ñá ‚ñá $ ‚ñá ‚ñá,900,2019-11-16 17:33,TRUE,Unknown,7021587002,FALSE,1245.247032431580
152,‚ñá ‚ñáCA$H PAID 4 IPHONE IPAD MACBOOK GALAXY ‚ñá ‚ñá CASH NOW ‚ñá ‚ñá $ ‚ñá ‚ñá,900,2019-11-16 15:01,TRUE,Unknown,7021516527,FALSE,1245.247032431580
153,‚ñá ‚ñáCA$H PAID 4 IPHONE IPAD MACBOOK GALAXY ‚ñá ‚ñá CASH NOW ‚ñá ‚ñá $ ‚ñá ‚ñá,900,2019-11-16 14:10,TRUE,Unknown,7021486581,FALSE,1245.247032431580
154,‚ñá ‚ñáCA$H PAID 4 IPHONE IPAD MACBOOK GALAXY ‚ñá ‚ñá CASH NOW ‚ñá ‚ñá $ ‚ñá ‚ñá,999,2019-11-16 12:02,TRUE,Unknown,7021396436,FALSE,7.893485586560030
155,‚ñá ‚ñáCA$H PAID 4 IPHONE IPAD MACBOOK GALAXY ‚ñá ‚ñá CASH NOW ‚ñá ‚ñá $ ‚ñá ‚ñá,900,2019-11-16 11:45,TRUE,Unknown,7021382963,FALSE,1245.247032431580
156,‚ñá ‚ñáCA$H PAID 4 IPHONE IPAD MACBOOK GALAXY ‚ñá ‚ñá CASH NOW ‚ñá ‚ñá $ ‚ñá ‚ñá,900,2019-11-16 11:00,TRUE,Unknown,7021346592,FALSE,1245.247032431580
157,‚ñá ‚ñáCA$H PAID 4 IPHONE IPAD MACBOOK GALAXY ‚ñá ‚ñá CASH NOW ‚ñá ‚ñá $ ‚ñá ‚ñá,999,2019-11-15 15:12,TRUE,Unknown,7020878063,FALSE,7.893485586560030
158,‚ñá ‚ñáCA$H PAID 4 IPHONE IPAD MACBOOK GALAXY ‚ñá ‚ñá CASH NOW ‚ñá ‚ñá $ ‚ñá ‚ñá,9999,2019-11-15 13:06,TRUE,Unknown,7020789936,FALSE,7.893485586560030
159,iOS 13 iPhone Unlock SIM for any iPhone Carrier (Financed/Contract OK),35,2019-11-14 18:07,TRUE,Unknown,7020311696,FALSE,2272.9448774930600
160,üíó Cheapest in Town iPhone & Samsung Screen Repair üíó,25,2019-11-14 08:31,TRUE,like new,7019914154,FALSE,6.119242284165600
161,üíóCheapest in Town iPhone & Samsung Screen Repair üíó,25,2019-11-13 08:26,TRUE,like new,7019256925,FALSE,6.119242284165600
162,"5'10"" JS Surfboard (not Lost, Channel Islands, Al Merrick, Rusty",265,2019-11-27 20:48,TRUE,excellent,7023677040,TRUE,14.849251339555500
163,"Kenneth Cole Reaction -New -Back-Stage Access -16"" Leather Backpack",85,2019-11-27 18:05,TRUE,new,7017599097,FALSE,14.300821849872700
164,Pioneer MVH-1400NEX Car Stereo,200,2019-11-27 17:23,TRUE,new,7028388810,TRUE,13.399696528906400
165,Pioneer AVHX5700BHS Double-DIN DVD Receiver with 7-Inch Display,100,2019-11-27 17:13,TRUE,excellent,7028389008,TRUE,12.687232062916700
166,Soundstream VRN-65HB Navigation receiver,149,2019-11-27 16:16,TRUE,Unknown,7009616079,TRUE,23.247891137309700
167,Soundstream VRN-65HB Navigation receiver,149,2019-11-27 16:16,TRUE,Unknown,7009826765,TRUE,23.247891137309700
168,Soundstream VRN-65HB Navigation receiver,149,2019-11-27 16:16,TRUE,Unknown,7010201371,TRUE,23.247891137309700
169,Soundstream VRN-65HB Navigation receiver,149,2019-11-27 16:16,TRUE,Unknown,7010202422,TRUE,23.247891137309700
170,Soundstream VRN-65HB Navigation receiver,149,2019-11-27 16:16,TRUE,Unknown,7010202784,TRUE,23.247891137309700
171,Soundstream VRN-65HB Navigation receiver,149,2019-11-27 16:16,TRUE,Unknown,7013601106,TRUE,23.247891137309700
172,Soundstream VRN-65HB Navigation receiver,149,2019-11-27 16:16,TRUE,Unknown,7019420415,TRUE,23.247891137309700
173,Soundstream VRN-65HB Navigation receiver,149,2019-11-27 16:17,TRUE,Unknown,7019431028,TRUE,23.247891137309700
174,Soundstream VRN-65HB Navigation receiver,149,2019-11-27 16:16,TRUE,Unknown,7023815576,TRUE,23.247891137309700
175,Soundstream VRN-65HB Navigation receiver,149,2019-11-27 16:16,TRUE,Unknown,7023818226,TRUE,23.247891137309700
176,Soundstream VRN-65HB Navigation receiver,149,2019-11-27 16:16,TRUE,Unknown,7024504103,TRUE,23.247891137309700
177,Soundstream VRN-65HB Navigation receiver,149,2019-11-27 16:16,TRUE,Unknown,7024514000,TRUE,23.247891137309700
178,Soundstream VRN-65HB Navigation receiver,149,2019-11-27 16:15,TRUE,Unknown,7016182827,TRUE,23.247891137309700
179,Soundstream VRN-65HB Navigation receiver,149,2019-11-27 16:15,TRUE,Unknown,7018275005,TRUE,23.247891137309700
180,Soundstream VRN-65HB Navigation receiver,149,2019-11-27 16:15,TRUE,Unknown,7018275594,TRUE,23.247891137309700
181,Soundstream VRN-65HB Navigation receiver,149,2019-11-27 16:15,TRUE,Unknown,7018275883,TRUE,23.247891137309700
182,Soundstream VRN-65HB Navigation receiver,149,2019-11-27 16:15,TRUE,Unknown,7018290815,TRUE,23.247891137309700
183,Soundstream VRN-65HB Navigation receiver,149,2019-11-27 16:15,TRUE,Unknown,7020652716,TRUE,23.247891137309700
184,Soundstream VRN-65HB Navigation receiver,149,2019-11-27 16:15,TRUE,Unknown,7023385511,TRUE,23.247891137309700
185,Soundstream VRN-65HB Navigation receiver,149,2019-11-27 16:15,TRUE,Unknown,7023386594,TRUE,23.247891137309700
186,Lifespan Standing Desk TR-1200 DT-5,900,2019-11-27 15:40,FALSE,excellent,7025267917,TRUE,63.10254035357090
187,Samsung Galaxy SM-R810 42mm Bluetooth WiFi GPS Smartwatch - Rose Gold,260,2019-11-27 14:59,TRUE,new,7028268472,FALSE,13.168556535602400
188,iPhones for sale 7 7+ 8+,1,2019-11-27 12:36,FALSE,good,7026390434,TRUE,14.849251339555500
189,*Brand New* Bluedio H-Turbine Wireless Bluetooth 4.1 Headphones,30,2019-11-27 11:39,TRUE,new,7014588859,TRUE,2.22786771072064
190,"Cowhide Tote - the ""Real Thing""",26,2019-11-27 10:52,TRUE,excellent,7025413585,FALSE,12.714669937550400
191,Brian Bulkley Fish Surfboard,225,2019-11-27 06:01,TRUE,Unknown,7025965936,TRUE,10.246047191510900
192,üíóCheapest in Town iPhone & Samsung Screen Repair & Used Phones Sellüíó,25,2019-11-12 08:30,TRUE,like new,7018597157,FALSE,6.119242284165600
193,Sony h.ear on wireless noise canceling headphone MDR-100ABN,90,2019-11-26 14:23,TRUE,like new,7027727970,TRUE,11.344987515936800
194,"JVC KW-V330BT 6.8"" Touch Screen 2 DIN DVD / CD Receiver w/ Bluetooth",119,2019-11-26 10:24,TRUE,good,7027556447,FALSE,13.918907946330400
195,Firm Price! Brand New Backpack with Charging Port & Security Lock,40,2019-11-26 10:21,TRUE,new,7023330002,FALSE,11.36474645482840
196,"JVC KW-V230BT Multimedia Receiver 6.2"" Touch screen Clear Resistive",109,2019-11-26 10:06,TRUE,excellent,7027542312,TRUE,13.918907946330400
197,"BONSAI SUPPLIES, TOOLS, POTS, AND PLANTS/ TREES",0,2019-11-26 09:39,TRUE,Unknown,7024361846,TRUE,12.841688852617900
198,LAX Gadgets Universal Phone Ring Holder Stand 360‚Ä¢ NEW OBO,4,2019-11-26 09:35,TRUE,new,7027497281,FALSE,6.1423166155169300
199,Anki Drive Racing Starter Kit Smartphone Controlled Racing,35,2019-11-26 09:31,TRUE,like new,7027513642,TRUE,13.058698165001600
200,"Compact STEREO SYSTEM, Receiver with CD & Speakers",100,2019-11-26 08:22,TRUE,excellent,7015183594,FALSE,21.918932163338800
201,"Mid 2016 MacBook Pro 13‚Äù TouchBar,  512GB SSD, Apple Care until 6/2020, Final",1100,2019-11-25 21:55,TRUE,Unknown,7017167176,FALSE,44.72772233058200
202,"Mid 2015 MacBook Pro 15‚Äù, 512 SSD, AMD Radeon R9 M370X Graphics Card, Final Cu",1100,2019-11-25 21:55,TRUE,Unknown,7017168883,FALSE,44.72772233058200
203,"New Hack Surfboard ""Runner"" 6'4 w/5 Fin Future Setup",500,2019-11-25 18:43,TRUE,new,7022796781,FALSE,23.542766263304100
204,"5'10 Hack Surfboard ""Runner"" 5 Fin",500,2019-11-25 18:43,TRUE,new,7022797488,FALSE,23.542766263304100
205,"New! 6'8 Hack ""Roller"" 5 Fin Diamond Tail",560,2019-11-25 18:43,TRUE,new,7022798202,FALSE,23.542766263304100
206,"NEW! 6'1 Hack ""Scrapper"" 5-Fin Squash Tail",500,2019-11-25 18:43,TRUE,new,7023926608,FALSE,23.542766263304100
207,Camp Chef Woodwind SG 24 Pellet Grill Smoker w/ Searbox Traeger,600,2019-11-25 16:46,TRUE,new,7023167787,TRUE,70.47462016661370
208,Firm Price! Brand New Backpack with Charging Port & Security Lock,40,2019-11-25 16:43,TRUE,new,7022686779,FALSE,11.36474645482840
209,Bretford PowerSync Portable Charging Cart TL357LL/C for Apple iPods,300,2019-11-25 15:56,TRUE,excellent,7027160324,FALSE,8.38149755343288
210,"Sony Xperia Z Android Tablet 10.1""",250,2019-11-25 08:14,TRUE,new,7014066736,TRUE,16.71418471316020
211,üíóCheapest in Town iPhone & Samsung Screen Repair & Used Phones Sellüíó,25,2019-11-11 08:25,TRUE,like new,7017906591,FALSE,6.119242284165600
212,CASH for your LOCKED GALAXY S8 S9 S10 Note 8 or 9,350,2019-11-25 03:14,TRUE,Unknown,7018430476,FALSE,12.374731283630100
213,CASH for your LOCKED GALAXY S8 S9 S10 Note 8 or 9,350,2019-11-25 03:14,TRUE,Unknown,7022233621,FALSE,12.374731283630100
214,General Aviation Headsets and 4 Place Intercom,550,2019-11-24 19:25,TRUE,Unknown,7007572304,TRUE,18.58801538381240
215,VRG Headset Virtual Reality Glasses for 3D and 360¬∞ Videos Movie Game,8,2019-11-24 11:18,TRUE,Unknown,7026358139,FALSE,13.058698165001600
216,‚ñá ‚ñáCA$H PAID 4 IPHONE IPAD MACBOOK GALAXY ‚ñá ‚ñá CASH NOW ‚ñá ‚ñá $ ‚ñá ‚ñá,900,2019-11-10 18:15,TRUE,Unknown,7017655191,FALSE,1245.247032431580
217,‚ñá ‚ñáCA$H PAID 4 IPHONE IPAD MACBOOK GALAXY ‚ñá ‚ñá CASH NOW ‚ñá ‚ñá $ ‚ñá ‚ñá,900,2019-11-10 17:42,TRUE,Unknown,7017640938,FALSE,1245.247032431580
218,‚ñá ‚ñáCA$H PAID 4 IPHONE IPAD MACBOOK GALAXY ‚ñá ‚ñá CASH NOW ‚ñá ‚ñá $ ‚ñá ‚ñá,900,2019-11-10 16:08,TRUE,Unknown,7017599202,FALSE,1245.247032431580
219,Portable Power Bank 20000mAh 45W USB TYPE-C PD QC3.0 Quick Charge Fast,19,2019-11-23 10:48,TRUE,new,7025747769,FALSE,14.802310086289200
220,‚ñá ‚ñáCA$H PAID 4 IPHONE IPAD MACBOOK GALAXY ‚ñá ‚ñá CASH NOW ‚ñá ‚ñá $ ‚ñá ‚ñá,900,2019-11-09 17:56,TRUE,Unknown,7017115441,FALSE,1245.247032431580
221,‚ñá ‚ñáCA$H PAID 4 IPHONE IPAD MACBOOK GALAXY ‚ñá ‚ñá CASH NOW ‚ñá ‚ñá $ ‚ñá ‚ñá,900,2019-11-09 17:29,TRUE,Unknown,7017105767,FALSE,1245.247032431580
222,‚ñá ‚ñáCA$H PAID 4 IPHONE IPAD MACBOOK GALAXY ‚ñá ‚ñá CASH NOW ‚ñá ‚ñá $ ‚ñá ‚ñá,900,2019-11-09 16:11,TRUE,Unknown,7017072096,FALSE,1245.247032431580
223,‚ñá ‚ñáCA$H PAID 4 IPHONE IPAD MACBOOK GALAXY ‚ñá ‚ñá CASH NOW ‚ñá ‚ñá $ ‚ñá ‚ñá,900,2019-11-09 15:23,TRUE,Unknown,7017049062,FALSE,1245.247032431580
224,"Motorcycle, Metal, Folk Art, Man Cave, chopper, hipster, rat rod",20,2019-11-22 17:44,TRUE,Unknown,7025430314,FALSE,16.928602715918800
225,‚òÖ‚òÖ‚òÖBig Multifamily GARAGE SALE‚òÖ‚òÖ‚òÖ,0,2019-11-22 16:49,FALSE,Unknown,7025397305,FALSE,14.849251339555500
226,CHILLI surfboard 5.11,220,2019-11-22 14:48,TRUE,Unknown,7006886606,TRUE,9.588559419973980
227,Thule Crossover 32L Backpack,99,2019-11-22 14:19,TRUE,new,7021535558,FALSE,13.918907946330400
228,Soundstream VRN-65HB Navigation receiver,149,2019-11-22 13:47,TRUE,Unknown,7006389649,TRUE,23.247891137309700
229,Soundstream VRN-65HB Navigation receiver,149,2019-11-22 13:45,TRUE,Unknown,7006213862,TRUE,23.247891137309700
230,Soundstream VRN-65HB Navigation receiver,149,2019-11-22 13:45,TRUE,Unknown,7006369446,TRUE,23.247891137309700
231,Soundstream VRN-65HB Navigation receiver,149,2019-11-22 13:45,TRUE,Unknown,7006389127,TRUE,23.247891137309700
232,Soundstream VRN-65HB Navigation receiver,149,2019-11-22 13:45,TRUE,Unknown,7007537904,TRUE,23.247891137309700
233,Soundstream VRN-65HB Navigation receiver,149,2019-11-22 12:00,TRUE,Unknown,7006368657,TRUE,23.247891137309700
234,Soundstream VRN-65HB Navigation receiver,149,2019-11-22 12:00,TRUE,Unknown,7006420403,TRUE,23.247891137309700
235,"Surfboards - Xanadu, Borst, Al Merrick, Lost, Mayhem, Firewire, Slater",1,2019-11-22 11:50,TRUE,Unknown,7007674917,TRUE,15.93832609823100
236,Soundstream VRN-65HB Navigation receiver,149,2019-11-22 09:52,TRUE,Unknown,7006258556,TRUE,23.247891137309700
237,Soundstream VRN-65HB Navigation receiver,149,2019-11-22 09:52,TRUE,Unknown,7006389914,TRUE,23.247891137309700
238,Soundstream VRN-65HB Navigation receiver,149,2019-11-22 09:52,TRUE,Unknown,7009492298,TRUE,23.247891137309700
239,Soundstream VRN-65HB Navigation receiver,149,2019-11-22 09:51,TRUE,Unknown,7006196751,TRUE,23.247891137309700
240,Soundstream VRN-65HB Navigation receiver,149,2019-11-22 09:52,TRUE,Unknown,7006389914,TRUE,23.247891137309700
241,Soundstream VRN-65HB Navigation receiver,149,2019-11-22 09:52,TRUE,Unknown,7009492298,TRUE,23.247891137309700
242,Soundstream VRN-65HB Navigation receiver,149,2019-11-22 09:51,TRUE,Unknown,7006196751,TRUE,23.247891137309700
243,Soundstream VRN-65HB Navigation receiver,149,2019-11-22 09:51,TRUE,Unknown,7006368299,TRUE,23.247891137309700
244,Soundstream VRN-65HB Navigation receiver,149,2019-11-22 09:51,TRUE,Unknown,7006369285,TRUE,23.247891137309700
245,Soundstream VRN-65HB Navigation receiver,149,2019-11-22 09:51,TRUE,Unknown,7006952956,TRUE,23.247891137309700
246,Firm Price! Brand New in a Box Dashboard & Windshield Car Phone Mount,15,2019-11-22 08:46,TRUE,new,7011497482,TRUE,11.36474645482840
247,Rolex Submariner 16610ln,6950,2019-11-22 07:41,TRUE,Unknown,7020449800,FALSE,10.149320811993500
248,‚òÖ‚òÖ‚òÖBig Multifamily GARAGE SALE‚òÖ‚òÖ‚òÖ,0,2019-11-21 23:48,FALSE,Unknown,7024855569,FALSE,15.56090024125420
249,LARGE GARAGE SALE Tomorrow 7-1pm! EXCELLENT QUALITY ITEMS,0,2019-11-21 23:02,FALSE,Unknown,7024847676,FALSE,4.961483122364370
250,FIRM PRICE! NEW Waterproof Laptop Backpack,30,2019-11-21 11:28,TRUE,new,7020195734,FALSE,11.36474645482840
251,"Motorcycle, Metal, Folk Art, Man Cave, chopper, hipster, rat rod",20,2019-11-21 11:23,TRUE,Unknown,7024517233,FALSE,16.928602715918800
252,Firm Price! Brand New in a Box Tripod with Bluetooth Remote,30,2019-11-21 10:59,TRUE,new,7015892810,TRUE,11.36474645482840
253,Psychedelic surfboard,325,2019-11-21 10:19,TRUE,Unknown,7024463947,TRUE,15.33252923715530
254,Instant cash for junk cars + free towing!                                       ,1,2019-11-21 10:16,TRUE,Unknown,7024472132,TRUE,0.0
255,‚ñá ‚ñáCA$H PAID 4 IPHONE IPAD MACBOOK GALAXY ‚ñá ‚ñá CASH NOW ‚ñá ‚ñá $ ‚ñá ‚ñá,999,2019-11-08 13:50,TRUE,Unknown,7016351182,FALSE,7.893485586560030
256,‚ñá ‚ñáCA$H PAID 4 IPHONE IPAD MACBOOK GALAXY ‚ñá ‚ñá CASH NOW ‚ñá ‚ñá $ ‚ñá ‚ñá,999,2019-11-08 13:41,TRUE,Unknown,7016344306,FALSE,7.893485586560030
257,Apple iPhone Back Glass Only Repair,1,2019-11-08 09:50,TRUE,like new,7016150847,TRUE,6.0501283774880700
258,Apple iPhone Back Glass Only Repair,1,2019-11-08 09:51,TRUE,like new,7016152203,TRUE,6.0501283774880700
259,Samsung Galaxy S8/S8 Plus/ S9/ S9 Plus / Note 8/ Note 9 Repair,0,2019-11-20 17:55,TRUE,Unknown,7024124372,TRUE,12.714669937550400
260,Atosa USA ATFS-50 Heavy Duty 50 LB Stainless Steel Deep Fryer,996,2019-11-07 18:16,TRUE,new,7015824423,TRUE,0.0
261,I Buy iPhones and Samsung,777,2019-11-18 13:40,TRUE,Unknown,7022663031,TRUE,6.984096224975710
262,I Buy iPhones and Samsung,777,2019-11-18 13:33,TRUE,Unknown,7022658231,TRUE,6.984096224975710
263,I Pay CASH for SmartPhones & Electronics,345,2019-11-18 12:32,TRUE,Unknown,7022611124,TRUE,14.573822163862500
264,"Cell Phone , Tablet, Computer Repair near You ( Payless Wireless )",0,2019-11-16 11:30,TRUE,Unknown,7021370666,TRUE,12.906395046452100
265,Samsung Galaxy S8/S8 Plus/ S9/ S9 Plus / Note 8/ Note 9 Repair,0,2019-11-16 10:45,TRUE,Unknown,7021333691,TRUE,12.714669937550400
266,Apple iPhone Back Glass Only Repair,1,2019-11-05 07:19,TRUE,like new,7014021155,TRUE,6.0501283774880700
267,iPhone Repair Near me ( Payless Wireless ),0,2019-11-04 10:17,TRUE,Unknown,7013453792,TRUE,12.714669937550400
268,Instant cash for junk cars + free towing!                                       ,1,2019-11-14 10:18,TRUE,Unknown,7020004090,TRUE,0.0
269,‚ñá ‚ñáCA$H PAID 4 IPHONE IPAD MACBOOK GALAXY ‚ñá ‚ñá CASH NOW ‚ñá ‚ñá $ ‚ñá ‚ñá,900,2019-11-03 19:30,TRUE,Unknown,7013092770,FALSE,1245.247032431580
270,‚ñá ‚ñáCA$H PAID 4 IPHONE IPAD MACBOOK GALAXY ‚ñá ‚ñá CASH NOW ‚ñá ‚ñá $ ‚ñá ‚ñá,900,2019-11-03 18:34,TRUE,Unknown,7013072866,FALSE,1245.247032431580
271,‚ñá ‚ñáCA$H PAID 4 IPHONE IPAD MACBOOK GALAXY ‚ñá ‚ñá CASH NOW ‚ñá ‚ñá $ ‚ñá ‚ñá,900,2019-11-03 17:42,TRUE,Unknown,7013050841,FALSE,1245.247032431580
272,‚ñá ‚ñáCA$H PAID 4 IPHONE IPAD MACBOOK GALAXY ‚ñá ‚ñá CASH NOW ‚ñá ‚ñá $ ‚ñá ‚ñá,900,2019-11-03 17:07,TRUE,Unknown,7013034252,FALSE,1245.247032431580
273,‚ñá ‚ñáCA$H PAID 4 IPHONE IPAD MACBOOK GALAXY ‚ñá ‚ñá CASH NOW ‚ñá ‚ñá $ ‚ñá ‚ñá,999,2019-11-03 12:02,TRUE,Unknown,7012859790,FALSE,7.893485586560030
274,Cell Phone Computer Repair Store ( Payless Wireless ),0,2019-11-11 09:56,TRUE,Unknown,7017988340,TRUE,12.906395046452100
275,"Cell Phone , Tablet, Computer Repair near me ( Payless Wireless )",0,2019-11-11 09:11,TRUE,Unknown,7017947030,TRUE,12.906395046452100
276,‚ñá ‚ñáCA$H PAID 4 IPHONE IPAD MACBOOK GALAXY ‚ñá ‚ñá CASH NOW ‚ñá ‚ñá $ ‚ñá ‚ñá,999,2019-11-01 15:31,TRUE,Unknown,7011749518,FALSE,7.893485586560030
277,‚ñá ‚ñáCA$H PAID 4 IPHONE IPAD MACBOOK GALAXY ‚ñá ‚ñá CASH NOW ‚ñá ‚ñá $ ‚ñá ‚ñá,999,2019-11-01 15:29,TRUE,Unknown,7011747832,FALSE,7.893485586560030
278,‚ñá ‚ñáCA$H PAID 4 IPHONE IPAD MACBOOK GALAXY ‚ñá ‚ñá CASH NOW ‚ñá ‚ñá $ ‚ñá ‚ñá,999,2019-11-01 15:09,TRUE,Unknown,7011734674,FALSE,7.893485586560030
279,iPhone XR Screen Replacement,129,2019-10-30 12:33,TRUE,Unknown,7010322423,TRUE,12.714669937550400
280,Instant cash for junk cars + free towing!                                       ,1,2019-11-07 10:16,TRUE,Unknown,7015508228,TRUE,0.0
281,iPhone XR Screen repair ( Payless Wireless ),129,2019-10-30 10:43,TRUE,Unknown,7010226558,TRUE,12.714669937550400
282,"Cell Phone , Tablet, Computer Repair near me ( Payless Wireless )",0,2019-11-06 18:52,TRUE,Unknown,7015179085,TRUE,12.906395046452100
283,‚ñá ‚ñáCA$H PAID 4 IPHONE IPAD MACBOOK GALAXY ‚ñá ‚ñá CASH NOW ‚ñá ‚ñá $ ‚ñá ‚ñá,1090,2019-10-29 11:01,TRUE,Unknown,7009116726,FALSE,0.0
284,ROCHE BOBOIS SOLID CHERRY PROVEN√áAL QUEEN SLEIGH BED,3285,2019-11-27 20:26,TRUE,excellent,7017635622,TRUE,2.6085850308228800
285,CALLIGARIS ROUND GLASS KITCHEN NOOK ROUND GLASS DINING TABLE,1895,2019-11-27 20:25,TRUE,excellent,7017635768,TRUE,2.6085850308228800
286,CALLIGARIS ROUND GLASS KITCHEN NOOK ROUND GLASS DINING TABLE,1895,2019-11-27 20:26,TRUE,excellent,7017635965,TRUE,2.6085850308228800
287,San Diego Cell Phone Repairs and Tablet Repairs Best Prices in Town,1,2019-11-05 03:02,TRUE,like new,7013912881,TRUE,6.080285964442470
288,Star Wars Darth Vader Helmet USB Car Charger special edition from Disn,30,2019-11-25 10:18,TRUE,new,7015609479,FALSE,13.168556535602400
289,Star Wars Darth Vader Helmet USB Car Charger special edition from Disn,30,2019-11-25 10:18,TRUE,new,7015609577,FALSE,13.168556535602400
290,Instant cash for junk cars + free towing!                                       ,1,2019-10-31 10:16,TRUE,Unknown,7010870580,TRUE,0.0