,Name,Price,postDate,HasImage,Attributes,postID,contactInfo,distance
0,iPhone X 256 black,425,2019-11-30 20:26,True,like new,7029936104,True,15.55465522632655
1,iPhone X 64GB AT&T Silver,500,2019-11-30 19:44,True,excellent,7029925101,False,5.174588678026387
2,Space Grey iPhone X - 256GB - Great Condition - Unlocked,150,2019-11-30 19:09,True,excellent,7029913034,True,9.333879685355683
3,LIFEPROOF FRE IPHONE X CASE BRAND NEW!!,60,2019-11-30 18:37,True,new,7023537820,False,12.026527656315686
4,Iphone X 64Gb,550,2019-11-30 16:45,True,like new,7029862104,True,17.66698088930733
5,256GB IPHONE X Unlocked works with any cellphone carrier W/Brand new a,545,2019-11-30 16:41,True,like new,7029824757,False,18.544331350715467
6,256GB IPHONE X Unlocked for any carrier +BRAND NEW ACCESSORIES,545,2019-11-30 15:59,True,like new,7029810386,False,9.333879685355683
7,X-MAX LOCKED 1oS IPHONE top BUYER@XS..XR..X ###,0,2019-11-30 15:09,True,Unknown,7028553086,False,14.400094573339953
8,X-MAX LOCKED 1oS IPHONE top BUYER@XS..XR..X ###,0,2019-11-30 15:09,True,Unknown,7028553111,False,14.400094573339953
9,X-MAX LOCKED 1oS IPHONE top BUYER@XS..XR..X ###,0,2019-11-30 15:09,True,Unknown,7028553129,False,14.400094573339953
10,Sell me your Iphone X ! Top %^& BuyeR!,0,2019-11-30 13:05,True,like new,7026421521,False,10.658264005575704
11,256GB IPHONE X SILVER UNLOCKED ANY COMPANY+ NEW ACCESSORIES,545,2019-11-30 12:56,True,like new,7017959828,False,6.1423166155169335
12,iPhone X 256 GB UNLOCKED,525,2019-11-30 12:40,True,like new,7027203205,False,8.38149755343288
13,iPhone X 256 GB UNLOCKED,425,2019-11-30 12:40,True,like new,7027841001,False,8.38149755343288
14,NE##@W Sell At iPhone X @tt,0,2019-11-30 12:14,True,like new,7028505039,False,12.687232062916744
15,NE##@W Sell At iPhone X @tt,0,2019-11-30 11:50,True,like new,7028505046,False,12.687232062916744
16,Slighlty cracked Glass Protector / negotiable,0,2019-11-30 11:28,True,Unknown,7010978540,False,16.093159241408223
17,iPhone X 256gb,450,2019-11-30 11:27,False,like new,7029672123,False,13.369987021648157
18,Slighlty cracked Glass Protector / negotiable,0,2019-11-30 11:17,True,Unknown,7010978542,False,16.093159241408223
19,Sell me your Iphone X ! Top %^& BuyeR!,0,2019-11-30 11:15,True,like new,7028559410,False,8.837883911520976
20,256GB IPHONE X UNLOCKED FOR ANY CELLPHONE COMPANY you can test it,545,2019-11-30 10:57,True,like new,7018121434,False,18.544331350715467
21,OtterBox case I phone X or XS,15,2019-11-30 10:32,True,new,7029629791,False,101.63233638387918
22,Sell me your Iphone X ! Top %^& BuyeR!,0,2019-11-30 10:21,True,like new,7028559400,False,8.837883911520976
23,iPhone X 256GB Space Gray - unlocked,550,2019-11-30 09:34,True,excellent,7029578668,False,2.22786771072064
24,Iphone X max 256Gb T-mobile only,680,2019-11-29 21:52,True,excellent,7029373136,False,21.58145216364907
25,iPhone X 256GB,500,2019-11-29 17:12,True,Unknown,7025869113,True,10.246047191510852
26,FIRM PRICE! NO Offers. Brand New Premium Case for iPhone X or XS,15,2019-11-29 15:47,True,new,7020795575,False,11.36474645482835
27,iPhone X 256GB,480,2019-11-29 15:40,True,Unknown,7028269839,True,10.246047191510852
28,FIRM PRICE! NO Offers. NEW Case for iPhone X or XS,15,2019-11-29 15:35,True,new,7011404455,False,11.36474645482835
29,256GB IPHONE X UNLOCKED FOR ANY CARRIER HABLO ESPA√ëOL,550,2019-11-29 14:55,True,like new,7025916202,False,12.687232062916744
30,Cellphone battery pack for iPhone X or Iphone XS,30,2019-11-29 14:32,True,like new,7017024626,False,19.5404363556601
31,IPHONE X 256GB UNLOCKED FOR ANY CELLPHONE COMPANY HABLO ESPA√ëOL,550,2019-11-29 14:31,True,like new,7020951660,False,6.1423166155169335
32,Iphone X 256 Verizon unlocked,525,2019-11-29 14:32,True,excellent,7029211426,False,13.058698165001628
33,IPhone X 256gb unlocked accessories included everything works,550,2019-11-29 14:29,True,like new,7024112471,False,19.5404363556601
34,IPHONE X OR IPHONE XS CELLPHONE CASE / CHARGING CASE,30,2019-11-29 14:15,True,like new,7026006757,False,9.333879685355683
35,Original iPhone chargers can meet anywhere in SD area,10,2019-11-29 14:10,True,new,7025933907,False,9.333879685355683
36,Apple - iPhone X 256GB - Silver (NEW),700,2019-11-29 13:48,True,Unknown,7014245641,False,12.12631917530565
37,IPhone X Case Game Console Play Gameboy Tetris,10,2019-11-29 13:47,True,new,7029185110,False,13.058698165001628
38,BUYER%% iPhone 8 Plus*PASSCODE*BrandNew**iPhone X [;,0,2019-11-29 13:17,True,Unknown,7029084190,False,12.374731283630094
39,BUYER%% iPhone 8 Plus*PASSCODE*BrandNew**iPhone X [;,0,2019-11-29 13:04,True,Unknown,7029084230,False,12.374731283630094
40,Hey!WE ARE Ttop PASSWORD Iphone BuyeR 8+/ X--neded ~%,0,2019-11-29 12:54,True,excellent,7029072148,False,12.12631917530565
41,BUYER%% iPhone 8 Plus*PASSCODE*BrandNew**iPhone X [;,0,2019-11-29 12:30,True,Unknown,7029084255,False,12.374731283630094
42,Iphone X - Silver - Like New,550,2019-11-29 12:16,True,like new,7029126024,False,13.058698165001628
43,Yes!!Buy iPhone 8 Plus=LOCK=Brand New==iPhone X,0,2019-11-29 12:00,True,good,7029070503,False,12.12631917530565
44,BUYER%% NEED=ED==iPHONE 11-X,0,2019-11-29 12:00,True,like new,7029089516,False,9.588559419973983
45,BUYER%% NEED=ED==iPHONE 11-X,0,2019-11-29 11:49,True,like new,7029089511,False,9.588559419973983
46,iPhone X | 256GB | AT&T,500,2019-11-29 10:50,True,excellent,7028994229,False,21.612422698344233
47,Apple iPhone X 64GB Black Unlocked,520,2019-11-29 10:05,True,like new,7027018431,False,9.243227078260857
48,New BodyGuardz Apple iPhone Xs/X Tempered Glass Screen Protector,35,2019-11-29 09:57,True,new,7014181278,False,5.919368741228188
49,New BodyGuardz Apple iPhone Xs/X Tempered Glass Screen Protector,35,2019-11-29 09:57,True,new,7014189427,False,5.919368741228188
50,New BodyGuardz Apple iPhone Xs/X Tempered Glass Screen Protector,35,2019-11-29 09:57,True,new,7014190543,False,5.919368741228188
51,256 GB iPhone x - like new,490,2019-11-29 09:53,True,Unknown,7029021167,False,3.0301873780058166
52,APPLE iPHONE PARTS /LOCKED X 8PLS;' I WANTSS;.SELL ME Now@!,0,2019-11-28 16:54,True,Unknown,7028718204,False,4.627745735134717
53,APPLE iPHONE PARTS /LOCKED X 8PLS;' I WANTSS;.SELL ME Now@!,0,2019-11-28 16:50,True,Unknown,7028718191,False,4.627745735134717
54,Like New iPhone X 256GB AppleCare+ (Unlocked),625,2019-11-28 16:46,True,like new,7028743051,False,5.9205764241137
55,APPLE iPHONE PARTS /LOCKED X 8PLS;' I WANTSS;.SELL ME Now@!,0,2019-11-28 16:35,True,Unknown,7028718222,False,4.627745735134717
56,FIRM PRICE! NO Offers. Brand New Premium Case for iPhone X or XS,15,2019-11-28 13:29,True,new,7020184038,False,11.36474645482835
57,FIRM PRICE! NO Offers. NEW Case for iPhone X or XS,15,2019-11-28 13:17,True,new,7015648095,False,11.36474645482835
58,FIRM PRICE! NO Offers. NEW Case for iPhone X or XS,15,2019-11-28 13:13,True,new,7010981108,False,11.36474645482835
59,iPhone X buyer!!iPh@ne 8+ ICLU@d,0,2019-11-28 13:04,True,like new,7028642653,False,12.374731283630094
60,Iphone X UNLOCKED - Black 256 GB - Gently Used,500,2019-11-28 12:37,True,good,7025743855,False,12.026527656315686
61,iphone x cases ( 9 cases for only $10),10,2019-11-28 11:39,True,new,7028655354,True,18.812958613470965
62,CAS##$%H IPHONE x xs max xr {BUYER}callme@@,0,2019-11-28 11:31,True,Unknown,7028606142,True,8.38149755343288
63,CAS##$%H IPHONE x xs max xr {BUYER}callme@@,0,2019-11-28 11:23,True,Unknown,7028606154,True,8.38149755343288
64,CAS##$%H IPHONE x xs max xr {BUYER}callme@@,0,2019-11-28 10:57,True,Unknown,7028606109,True,8.38149755343288
65,BUYRER%% Wan;Ted Phone iPHONE -X-8 Sealed iN BoX.,0,2019-11-28 09:54,True,Unknown,7014643839,False,10.524414242987824
66,NIB Luvvitt Clear iPhone X/XS Case,5,2019-11-27 11:45,True,new,7019510659,True,22.056847557337555
67,FIRM PRICE! Brand New Slim Soft Silicone Case for iPhone X or XS,20,2019-11-27 11:21,True,new,7010362949,False,11.36474645482835
68,"iPhone X, Space Grey, 64GB",350,2019-11-26 17:04,True,good,7027816408,False,14.559748087341582
69,iPhone X 256GB Brand New,600,2019-11-26 16:49,True,new,7027802022,False,14.37831245773691
70,iPhone X,500,2019-11-26 15:01,True,Unknown,7027751624,False,22.405762171744858
71,===iPHONE 10 (X)===EXCELLENT COND=== 64GB===TMOBILE===14 months old===,550,2019-11-26 09:47,True,Unknown,7022245259,True,15.93832609823096
72,Firm Price! Brand New Case for iPhone X or XS,10,2019-11-26 09:28,True,new,7014301319,False,11.36474645482835
73,X--PASS code IPHONE TOP bUyeR%# CASSH4:'.GALAXY:,0,2019-11-26 08:57,True,Unknown,7027421248,False,13.369987021648157
74,X--PASS code IPHONE TOP bUyeR%# CASSH4:'.GALAXY:,0,2019-11-26 08:26,True,Unknown,7027421210,False,13.369987021648157
75,"BUY**++iPhone X//// 256 Gig FACTORY\??UN LOCKED..,, NEEED///#@@",0,2019-11-26 08:20,True,excellent,7027409534,False,10.246047191510852
76,FIRM PRICE! Brand New Premium Case for iPhone X or XS,15,2019-11-25 16:27,True,new,7009025027,False,11.36474645482835
77,New iPhone X 256GB,500,2019-11-25 09:32,True,new,7026878565,False,12.12631917530565
78,BUYRER%% Wan;Ted Phone iPHONE -X-8 Sealed iN BoX.,0,2019-11-25 09:11,True,Unknown,7014643856,False,10.524414242987824
79,Tip Top Shape batteries and ready to go,0,2019-11-24 11:15,True,Unknown,7026350045,True,13.369987021648157
80,Tip Top Shape batteries and ready to go,0,2019-11-24 11:11,True,Unknown,7026350055,True,13.369987021648157
81,FIRM PRICE! NEW Premium Red Case for iPhone X or XS,15,2019-11-24 05:06,True,new,7013102786,False,11.36474645482835
82,FIRM PRICE! NO Offers. NEW Case for iPhone X or XS,15,2019-11-24 05:06,True,new,7013107965,False,11.36474645482835
83,FIRM PRICE! Brand New Premium Case for iPhone X or XS,15,2019-11-24 05:03,True,new,7008178924,False,11.36474645482835
84,Firm Price! Brand New Wallet Case for iPhone X or XS,15,2019-11-24 05:03,True,new,7017206091,False,11.36474645482835
85,BUYRER%% Wan;Ted Phone iPHONE -X-8 Sealed iN BoX.,0,2019-11-23 12:06,True,Unknown,7014643883,False,10.524414242987824
86,iPhone X / XR / XS MAX SCREEN REPAIR,0,2019-11-18 11:41,True,Unknown,7022569121,True,12.906395046452085
87,‚ñá ‚ñáCA$H PAID 4 IPHONE IPAD MACBOOK GALAXY ‚ñá ‚ñá CASH NOW ‚ñá ‚ñá $ ‚ñá ‚ñá,900,2019-11-30 18:35,True,Unknown,7029906019,False,1245.247032431583
88,‚ñá ‚ñáCA$H PAID 4 IPHONE IPAD MACBOOK GALAXY ‚ñá ‚ñá CASH NOW ‚ñá ‚ñá $ ‚ñá ‚ñá,900,2019-11-30 16:11,True,Unknown,7029849189,False,1245.247032431583
89,maCboook WAAAAntEED iPHONE 7PLUS,0,2019-11-30 15:48,True,like new,7025646310,True,12.687232062916744
90,Mint Glass Protector / firm on price,0,2019-11-30 15:48,True,Unknown,7027440367,False,12.687232062916744
91,Mint Glass Protector / firm on price,0,2019-11-30 15:46,True,Unknown,7027440421,False,12.687232062916744
92,‚ñá ‚ñáCA$H PAID 4 IPHONE IPAD MACBOOK GALAXY ‚ñá ‚ñá CASH NOW ‚ñá ‚ñá $ ‚ñá ‚ñá,900,2019-11-30 15:46,True,Unknown,7029837511,False,1245.247032431583
93,Unlock iPhone Repair! screen battery glass cheaper Deal -Unlock,0,2019-11-30 15:22,True,Unknown,7028573435,False,8.38149755343288
94,Unlock iPhone Repair! screen battery glass cheaper Deal -Unlock,0,2019-11-30 15:19,True,Unknown,7028573470,False,8.38149755343288
95,Unlock iPhone Repair! screen battery glass cheaper Deal -Unlock,0,2019-11-30 15:14,True,Unknown,7028573483,False,8.38149755343288
96,‚ñá ‚ñáCA$H PAID 4 IPHONE IPAD MACBOOK GALAXY ‚ñá ‚ñá CASH NOW ‚ñá ‚ñá $ ‚ñá ‚ñá,900,2019-11-30 14:58,True,Unknown,7029813755,False,1245.247032431583
97,‚ñá ‚ñáCA$H PAID 4 IPHONE IPAD MACBOOK GALAXY ‚ñá ‚ñá CASH NOW ‚ñá ‚ñá $ ‚ñá ‚ñá,900,2019-11-30 14:04,True,Unknown,7029782959,False,1245.247032431583
98,‚ñá ‚ñáCA$H PAID 4 IPHONE IPAD MACBOOK GALAXY ‚ñá ‚ñá CASH NOW ‚ñá ‚ñá $ ‚ñá ‚ñá,900,2019-11-30 13:24,True,Unknown,7029756873,False,1245.247032431583
99,">Iphone plus, pro,max 2/3/4/Mini/Ipad Air Repair(",0,2019-11-30 12:34,True,Unknown,7020057254,False,11.344987515936785
100,Mint Glass Protector / firm on price,0,2019-11-30 12:23,True,Unknown,7027440420,False,12.687232062916744
101,">Iphone plus, pro,max 2/3/4/Mini/Ipad Air Repair(",0,2019-11-30 12:14,True,Unknown,7020057221,False,11.344987515936785
102,‚ñá ‚ñáCA$H PAID 4 IPHONE IPAD MACBOOK GALAXY ‚ñá ‚ñá CASH NOW ‚ñá ‚ñá $ ‚ñá ‚ñá,900,2019-11-30 11:57,True,Unknown,7029697080,False,1245.247032431583
103,iPhone repair - I come to you,1,2019-11-30 11:22,False,Unknown,7028600671,True,13.851058101515777
104,We FIX Cell Phones- iPhone Repair & We FlaSh PhOnes to Boost Mobile,0,2019-11-30 10:19,True,Unknown,7028534885,True,10.246047191510852
105,We FIX Cell Phones- iPhone Repair & We FlaSh PhOnes to Boost Mobile,0,2019-11-30 09:58,True,Unknown,7028534911,True,10.246047191510852
106,IPhone Samsung Cell Phone Screen Repair SPECIALS ALL DAY!,0,2019-11-30 09:10,True,like new,7028508650,False,10.246047191510852
107,IPhone Samsung Cell Phone Screen Repair SPECIALS ALL DAY!,0,2019-11-30 08:10,True,like new,7028508671,False,10.246047191510852
108,IPhone Samsung Cell Phone Screen Repair SPECIALS ALL DAY!,0,2019-11-30 08:01,True,like new,7028508705,False,10.246047191510852
109,iPhone repair - I come to you,1,2019-11-30 07:47,False,Unknown,7028206068,True,13.851058101515777
110,*New* Genuine Apple Ear Pods with Lightning Connector for iPhone,22,2019-11-29 18:40,False,Unknown,7029277751,False,13.420966436204997
111,IPhone Samsung Cell Phone Screen Repair SPECIALS ALL DAY!,0,2019-11-29 14:38,True,Unknown,7029168724,False,12.687232062916744
112,IPhone Samsung Cell Phone Screen Repair SPECIALS ALL DAY!,0,2019-11-29 14:31,True,Unknown,7029168681,False,12.687232062916744
113,Looking to buy iPhone or Galaxy,12345,2019-11-29 14:29,True,Unknown,7020852573,True,6.1423166155169335
114,IPhone Samsung Cell Phone Screen Repair SPECIALS ALL DAY!,0,2019-11-29 14:23,True,Unknown,7029168640,False,12.687232062916744
115,SeLL BuyEr IpHoNE 11 {{WanTed__IpAds}} At&t WanTeD,0,2019-11-29 13:51,True,Unknown,7029112572,False,14.400094573339953
116,JVC NEW headunit iPhone Android Bluetooth MP3 Aux Micro SD USB Pandora,80,2019-11-29 13:08,True,Unknown,7027991607,True,2.114156881151909
117,SeLL BuyEr IpHoNE 11 {{WanTed__IpAds}} At&t WanTeD,0,2019-11-29 13:01,True,Unknown,7029112684,False,14.400094573339953
118,SeLL BuyEr IpHoNE 11 {{WanTed__IpAds}} At&t WanTeD,0,2019-11-29 12:56,True,Unknown,7029112676,False,14.400094573339953
119,We FIX Cell Phones- iPhone Repair & We FlaSh PhOnes to Boost Mobile,0,2019-11-29 12:39,True,Unknown,7029069648,True,12.374731283630094
120,We FIX Cell Phones- iPhone Repair & We FlaSh PhOnes to Boost Mobile,0,2019-11-29 12:33,True,Unknown,7029069735,True,12.374731283630094
121,We FIX Cell Phones- iPhone Repair & We FlaSh PhOnes to Boost Mobile,0,2019-11-29 11:57,True,Unknown,7029069751,True,12.374731283630094
122,iPhone repair - I come to you,1,2019-11-29 11:52,False,Unknown,7029038526,True,13.851058101515777
123,Buyer iPad-MacBOok@ iPhone F@ste$t,0,2019-11-29 09:25,True,like new,7028937027,False,12.374731283630094
124,IPHONE TOP bUyeR%# CASSH4:aLL mOdEl,0,2019-11-29 09:19,True,like new,7028936993,False,12.374731283630094
125,Buyer iPad-MacBOok@ iPhone F@ste$t,0,2019-11-29 08:46,True,like new,7028936908,False,12.374731283630094
126,Unlocked Apple iPhone XS Max 512GB,400,2019-11-28 20:45,True,excellent,7028785266,False,10.246047191510852
127,"~iPHONE V+ERIZ-O+N UN+LOCKED APPLE iPhone XS 512GB buy&*?""",0,2019-11-28 16:44,True,Unknown,7028723012,False,10.246047191510852
128,"~iPHONE V+ERIZ-O+N UN+LOCKED APPLE iPhone XS 512GB buy&*?""",0,2019-11-28 16:33,True,Unknown,7028722980,False,10.246047191510852
129,"~iPHONE V+ERIZ-O+N UN+LOCKED APPLE iPhone XS 512GB buy&*?""",0,2019-11-28 16:28,True,Unknown,7028723005,False,10.246047191510852
130,Buy iPhone 8 Plus 256gb Space Gray AT&T,0,2019-11-28 16:02,True,Unknown,7028710113,False,6.984096224975709
131,Buy iPhone 8 Plus 256gb Space Gray AT&T,0,2019-11-28 15:34,True,Unknown,7028710143,False,6.984096224975709
132,Buy iPhone 8 Plus 256gb Space Gray AT&T,0,2019-11-28 15:25,True,Unknown,7028710127,False,6.984096224975709
133,Apple iPhone 1 - 8GB Black & Silver 2G AT&T GSM/EDGE,95,2019-11-28 14:31,True,excellent,7025371983,False,14.37831245773691
134,iPhone Repair- Samsung Repairr Today REPAIR **WE UNLOCK IPHONES**,0,2019-11-28 12:21,True,Unknown,7028624824,False,8.38149755343288
135,IPhone Samsung Cell Phone Screen Repair SPECIALS ALL DAY!,0,2019-11-28 11:39,True,Unknown,7028613450,False,10.658264005575704
136,iPhone Repair- Samsung Repairr Today REPAIR **WE UNLOCK IPHONES**,0,2019-11-28 11:37,True,Unknown,7028624860,False,0.0
137,iPhone Repair- Samsung Repairr Today REPAIR **WE UNLOCK IPHONES**,0,2019-11-28 11:34,True,Unknown,7028624788,False,8.38149755343288
138,&&Buy IPHONE 11 TOP bUyeR%# CASSH4:'.GALAXY:,0,2019-11-28 11:21,True,Unknown,7028598432,False,10.246047191510852
139,IPhone Samsung Cell Phone Screen Repair SPECIALS ALL DAY!,0,2019-11-28 11:06,True,Unknown,7028613427,False,10.658264005575704
140,&&Buy IPHONE 11 TOP bUyeR%# CASSH4:'.GALAXY:,0,2019-11-28 10:57,True,Unknown,7028598407,False,10.246047191510852
141,IPhone Samsung Cell Phone Screen Repair SPECIALS ALL DAY!,0,2019-11-28 10:57,True,Unknown,7028613430,False,10.658264005575704
142,&&Buy IPHONE 11 TOP bUyeR%# CASSH4:'.GALAXY:,0,2019-11-28 10:29,True,Unknown,7028598454,False,10.246047191510852
143,We FIX Cell Phones- iPhone Repair & We FlaSh PhOnes to Boost Mobile,0,2019-11-28 08:59,True,Unknown,7028540950,False,3.1604504029266764
144,We FIX Cell Phones- iPhone Repair & We FlaSh PhOnes to Boost Mobile,0,2019-11-28 08:52,True,Unknown,7028540970,False,3.1604504029266764
145,We FIX Cell Phones- iPhone Repair & We FlaSh PhOnes to Boost Mobile,0,2019-11-28 08:20,True,Unknown,7028540987,False,3.1604504029266764
146,Unlock iPhone Repair! screen battery glass cheaper Deal -Unlock,0,2019-11-28 08:04,True,Unknown,7028549484,False,12.374731283630094
147,We FIX Cell Phones- iPhone Repair & We FlaSh PhOnes to Boost Mobile,0,2019-11-28 08:01,True,Unknown,7028540984,False,3.1604504029266764
148,Unlock iPhone Repair! screen battery glass cheaper Deal -Unlock,0,2019-11-28 07:47,True,Unknown,7028549548,False,12.374731283630094
149,Unlock iPhone Repair! screen battery glass cheaper Deal -Unlock,0,2019-11-28 07:38,True,Unknown,7028549546,False,12.374731283630094
150,Unlock iPhone Repair! screen battery glass cheaper Deal -Unlock,0,2019-11-28 07:35,True,Unknown,7028549532,False,12.374731283630094
151,********LIKE NEW MOPHIE JUICE PACK HELIUM IPHONE 5/5S********,75,2019-11-27 20:10,True,like new,7025731716,False,14.849251339555515
152,iPhone 6S Plus - 64GB - Silver - Unlocked (was AT&T),200,2019-11-27 15:02,True,good,7028331996,False,5.174588678026387
153,iPhones for sale 7 7+ X,1,2019-11-27 12:36,False,good,7026390434,True,14.849251339555515
154,iHome Speakers for iPhone iPod Bongiovi DPS Chargin Dock Power Adapter,35,2019-11-27 09:32,True,excellent,7028082052,True,7.061859825900856
155,iPhone iPad Galaxy Note Expert Fixing Screens,1,2019-11-26 19:13,True,Unknown,7027850730,False,18.812958613470965
156,iPhone iPad Galaxy Note Expert Fixing Screens,1,2019-11-26 18:50,True,Unknown,7027850677,False,18.812958613470965
157,iPhone iPad Galaxy Note Expert Fixing Screens,1,2019-11-26 18:49,True,Unknown,7027850611,False,18.812958613470965
158,">Iphone plus, pro,max 2/3/4/Mini/Ipad Air Repair(",0,2019-11-26 14:23,True,Unknown,7026176345,False,12.374731283630094
159,">Iphone plus, pro,max 2/3/4/Mini/Ipad Air Repair(",0,2019-11-26 13:48,True,Unknown,7026176321,False,12.374731283630094
160,">Iphone plus, pro,max 2/3/4/Mini/Ipad Air Repair(",0,2019-11-26 13:38,True,Unknown,7026176312,False,12.374731283630094
161,iPhone / Samsung cracked Screen Technician,2,2019-11-26 10:35,True,Unknown,7027552394,True,18.812958613470965
162,Same Day iPhone Repair / Fix **LOWEST PRICES IN THE CITY**,0,2019-11-26 10:28,True,Unknown,7027540483,True,12.687232062916744
163,Same Day iPhone Repair / Fix **LOWEST PRICES IN THE CITY**,0,2019-11-26 10:24,True,Unknown,7027540506,True,12.687232062916744
164,10000mAh Universal Portable Power Bank Qi Wireless Charger for iPhone,30,2019-11-26 08:05,True,new,7020895449,False,19.85258401851251
165,New  Wireless Bluetooth Keyboard x Laptop,15,2019-11-25 16:19,True,new,7027147262,False,10.246047191510852
166,"Samsung Gear S2 smart watch, galaxy iPhone compatible, men/women",80,2019-11-25 16:04,True,like new,7008462586,False,20.777976551648994
167,‚ñá ‚ñáCA$H PAID 4 IPHONE IPAD MACBOOK GALAXY ‚ñá ‚ñá CASH NOW ‚ñá ‚ñá $ ‚ñá ‚ñá,900,2019-11-24 19:28,True,Unknown,7026608810,False,1245.247032431583
168,‚ñá ‚ñáCA$H PAID 4 IPHONE IPAD MACBOOK GALAXY ‚ñá ‚ñá CASH NOW ‚ñá ‚ñá $ ‚ñá ‚ñá,900,2019-11-24 17:41,True,Unknown,7026569983,False,1245.247032431583
169,‚ñá ‚ñáCA$H PAID 4 IPHONE IPAD MACBOOK GALAXY ‚ñá ‚ñá CASH NOW ‚ñá ‚ñá $ ‚ñá ‚ñá,900,2019-11-24 17:10,True,Unknown,7026556882,False,1245.247032431583
170,‚ñá ‚ñáCA$H PAID 4 IPHONE IPAD MACBOOK GALAXY ‚ñá ‚ñá CASH NOW ‚ñá ‚ñá $ ‚ñá ‚ñá,900,2019-11-24 16:02,True,Unknown,7026526101,False,1245.247032431583
171,‚ñá ‚ñáCA$H PAID 4 IPHONE IPAD MACBOOK GALAXY ‚ñá ‚ñá CASH NOW ‚ñá ‚ñá $ ‚ñá ‚ñá,900,2019-11-24 15:23,True,Unknown,7026506652,False,1245.247032431583
172,‚ñá ‚ñáCA$H PAID 4 IPHONE IPAD MACBOOK GALAXY ‚ñá ‚ñá CASH NOW ‚ñá ‚ñá $ ‚ñá ‚ñá,900,2019-11-24 13:57,True,Unknown,7026459290,False,1245.247032431583
173,‚ñá ‚ñáCA$H PAID 4 IPHONE IPAD MACBOOK GALAXY ‚ñá ‚ñá CASH NOW ‚ñá ‚ñá $ ‚ñá ‚ñá,900,2019-11-24 13:39,True,Unknown,7026448601,False,1245.247032431583
174,‚ñá ‚ñáCA$H PAID 4 IPHONE IPAD MACBOOK GALAXY ‚ñá ‚ñá CASH NOW ‚ñá ‚ñá $ ‚ñá ‚ñá,900,2019-11-23 17:03,True,Unknown,7026034235,False,1245.247032431583
175,‚ñá ‚ñáCA$H PAID 4 IPHONE IPAD MACBOOK GALAXY ‚ñá ‚ñá CASH NOW ‚ñá ‚ñá $ ‚ñá ‚ñá,900,2019-11-23 16:36,True,Unknown,7026022840,False,1245.247032431583
176,‚ñá ‚ñáCA$H PAID 4 IPHONE IPAD MACBOOK GALAXY ‚ñá ‚ñá CASH NOW ‚ñá ‚ñá $ ‚ñá ‚ñá,900,2019-11-23 14:37,True,Unknown,7025963750,False,1245.247032431583
177,‚ñá ‚ñáCA$H PAID 4 IPHONE IPAD MACBOOK GALAXY ‚ñá ‚ñá CASH NOW ‚ñá ‚ñá $ ‚ñá ‚ñá,9999,2019-11-22 11:16,True,Unknown,7025174343,False,7.893485586560033
178,Iphone - Iphone Buy - Iphone Sell - Iphone Top Buyer - Sell Iphone,12345,2019-11-21 08:56,True,Unknown,7024403798,True,14.573822163862479
179,Cell Phone iPhone Galaxy iPad Repair Service in San Diego near you,1,2019-11-21 08:39,True,new,7024389345,True,6.120917797571515
180,‚ñá‚ñá‚ñá WE iPHONE & SAMSUNG ALL CARRIER NEW /USED @ 619-384-0928,999,2019-11-19 22:10,True,Unknown,7023552157,True,9.333879685355683
181,‚ñá‚ñá‚ñá WE iPHONE & SAMSUNG ALL CARRIER NEW /USED @ 619-384-0928,0,2019-11-19 21:48,True,Unknown,7023548204,True,9.333879685355683
182,‚ñá‚ñá‚ñá WE iPHONE & SAMSUNG ALL CARRIER NEW /USED @ 619-384-0928,0,2019-11-19 21:44,True,Unknown,7023547436,True,12.687232062916744
183,‚ñá ‚ñáCA$H PAID 4 IPHONE IPAD MACBOOK GALAXY ‚ñá ‚ñá CASH NOW ‚ñá ‚ñá $ ‚ñá ‚ñá,900,2019-11-17 19:08,True,Unknown,7022159374,False,1245.247032431583
184,‚ñá ‚ñáCA$H PAID 4 IPHONE IPAD MACBOOK GALAXY ‚ñá ‚ñá CASH NOW ‚ñá ‚ñá $ ‚ñá ‚ñá,900,2019-11-17 18:18,True,Unknown,7022140759,False,1245.247032431583
185,‚ñá ‚ñáCA$H PAID 4 IPHONE IPAD MACBOOK GALAXY ‚ñá ‚ñá CASH NOW ‚ñá ‚ñá $ ‚ñá ‚ñá,900,2019-11-17 17:26,True,Unknown,7022119424,False,1245.247032431583
186,‚ñá ‚ñáCA$H PAID 4 IPHONE IPAD MACBOOK GALAXY ‚ñá ‚ñá CASH NOW ‚ñá ‚ñá $ ‚ñá ‚ñá,900,2019-11-17 15:14,True,Unknown,7022057306,False,1245.247032431583
187,‚ñá ‚ñáCA$H PAID 4 IPHONE IPAD MACBOOK GALAXY ‚ñá ‚ñá CASH NOW ‚ñá ‚ñá $ ‚ñá ‚ñá,900,2019-11-17 14:32,True,Unknown,7022034781,False,1245.247032431583
188,‚ñá ‚ñáCA$H PAID 4 IPHONE IPAD MACBOOK GALAXY ‚ñá ‚ñá CASH NOW ‚ñá ‚ñá $ ‚ñá ‚ñá,900,2019-11-17 13:12,True,Unknown,7021987278,False,1245.247032431583
189,‚ñá ‚ñáCA$H PAID 4 IPHONE IPAD MACBOOK GALAXY ‚ñá ‚ñá CASH NOW ‚ñá ‚ñá $ ‚ñá ‚ñá,900,2019-11-17 11:52,True,Unknown,7021934247,False,1245.247032431583
190,‚ñá ‚ñáCA$H PAID 4 IPHONE IPAD MACBOOK GALAXY ‚ñá ‚ñá CASH NOW ‚ñá ‚ñá $ ‚ñá ‚ñá,900,2019-11-17 11:07,True,Unknown,7021903166,False,1245.247032431583
191,‚ñá ‚ñáCA$H PAID 4 IPHONE IPAD MACBOOK GALAXY ‚ñá ‚ñá CASH NOW ‚ñá ‚ñá $ ‚ñá ‚ñá,900,2019-11-17 10:15,True,Unknown,7021868312,False,1245.247032431583
192,‚ñá ‚ñáCA$H PAID 4 IPHONE IPAD MACBOOK GALAXY ‚ñá ‚ñá CASH NOW ‚ñá ‚ñá $ ‚ñá ‚ñá,900,2019-11-16 18:34,True,Unknown,7021608531,False,1245.247032431583
193,‚ñá ‚ñáCA$H PAID 4 IPHONE IPAD MACBOOK GALAXY ‚ñá ‚ñá CASH NOW ‚ñá ‚ñá $ ‚ñá ‚ñá,900,2019-11-16 17:33,True,Unknown,7021587002,False,1245.247032431583
194,‚ñá ‚ñáCA$H PAID 4 IPHONE IPAD MACBOOK GALAXY ‚ñá ‚ñá CASH NOW ‚ñá ‚ñá $ ‚ñá ‚ñá,900,2019-11-16 15:01,True,Unknown,7021516527,False,1245.247032431583
195,‚ñá ‚ñáCA$H PAID 4 IPHONE IPAD MACBOOK GALAXY ‚ñá ‚ñá CASH NOW ‚ñá ‚ñá $ ‚ñá ‚ñá,900,2019-11-16 14:10,True,Unknown,7021486581,False,1245.247032431583
196,‚ñá ‚ñáCA$H PAID 4 IPHONE IPAD MACBOOK GALAXY ‚ñá ‚ñá CASH NOW ‚ñá ‚ñá $ ‚ñá ‚ñá,999,2019-11-16 12:02,True,Unknown,7021396436,False,7.893485586560033
197,‚ñá ‚ñáCA$H PAID 4 IPHONE IPAD MACBOOK GALAXY ‚ñá ‚ñá CASH NOW ‚ñá ‚ñá $ ‚ñá ‚ñá,900,2019-11-16 11:45,True,Unknown,7021382963,False,1245.247032431583
198,‚ñá ‚ñáCA$H PAID 4 IPHONE IPAD MACBOOK GALAXY ‚ñá ‚ñá CASH NOW ‚ñá ‚ñá $ ‚ñá ‚ñá,900,2019-11-16 11:00,True,Unknown,7021346592,False,1245.247032431583
199,"Compact STEREO SYSTEM, Receiver with CD & Speakers",100,2019-11-30 17:58,True,excellent,7015183594,False,21.918932163338756
200,BEST 548 EBike *Top Reviewed* $34/mo. or,1289,2019-11-30 14:32,True,Unknown,7029767916,True,44.664006628129755
201,LAX Gadgets Universal Phone Ring Holder Stand 360‚Ä¢ NEW OBO,4,2019-11-30 14:31,True,new,7029783431,False,6.1423166155169335
202,‚ñá ‚ñáCA$H PAID 4 IPHONE IPAD MACBOOK GALAXY ‚ñá ‚ñá CASH NOW ‚ñá ‚ñá $ ‚ñá ‚ñá,999,2019-11-15 15:12,True,Unknown,7020878063,False,7.893485586560033
203,Soundstream VRN-65HB Navigation receiver,149,2019-11-30 11:52,True,Unknown,7013601106,True,23.247891137309747
204,Soundstream VRN-65HB Navigation receiver,149,2019-11-30 11:52,True,Unknown,7016182827,True,23.247891137309747
205,Soundstream VRN-65HB Navigation receiver,149,2019-11-30 11:53,True,Unknown,7018275005,True,23.247891137309747
206,Soundstream VRN-65HB Navigation receiver,149,2019-11-30 11:53,True,Unknown,7018275594,True,23.247891137309747
207,Soundstream VRN-65HB Navigation receiver,149,2019-11-30 11:53,True,Unknown,7018275883,True,23.247891137309747
208,Soundstream VRN-65HB Navigation receiver,149,2019-11-30 11:53,True,Unknown,7018290815,True,23.247891137309747
209,Soundstream VRN-65HB Navigation receiver,149,2019-11-30 11:52,True,Unknown,7019431028,True,23.247891137309747
210,Soundstream VRN-65HB Navigation receiver,149,2019-11-30 11:53,True,Unknown,7020652716,True,23.247891137309747
211,Soundstream VRN-65HB Navigation receiver,149,2019-11-30 11:52,True,Unknown,7023385511,True,23.247891137309747
212,Soundstream VRN-65HB Navigation receiver,149,2019-11-30 11:52,True,Unknown,7023386594,True,23.247891137309747
213,"Incase Range Backpack,  Brand New with Tags (NWT), Ultramarine",100,2019-11-30 11:38,True,new,7029675411,False,8.837883911520976
214,Soundstream VRN-65HB Navigation receiver,149,2019-11-30 09:53,True,Unknown,7019420415,True,23.247891137309747
215,Soundstream VRN-65HB Navigation receiver,149,2019-11-30 09:53,True,Unknown,7023815576,True,23.247891137309747
216,Soundstream VRN-65HB Navigation receiver,149,2019-11-30 09:53,True,Unknown,7023818226,True,23.247891137309747
217,Soundstream VRN-65HB Navigation receiver,149,2019-11-30 09:53,True,Unknown,7024504103,True,23.247891137309747
218,Soundstream VRN-65HB Navigation receiver,149,2019-11-30 09:53,True,Unknown,7024514000,True,23.247891137309747
219,‚ñá ‚ñáCA$H PAID 4 IPHONE IPAD MACBOOK GALAXY ‚ñá ‚ñá CASH NOW ‚ñá ‚ñá $ ‚ñá ‚ñá,9999,2019-11-15 13:06,True,Unknown,7020789936,False,7.893485586560033
220,Gordon and Smith 6‚Äô6‚Äù surfboard Pro series vintage 1980s thruster,65,2019-11-30 07:54,True,fair,7029508558,False,5.153819294030374
221,CASH for your LOCKED GALAXY S8 S9 S10 Note 8 or 9,350,2019-11-29 20:39,True,Unknown,7018430476,False,12.374731283630094
222,CASH for your LOCKED GALAXY S8 S9 S10 Note 8 or 9,350,2019-11-29 20:39,True,Unknown,7022233621,False,12.374731283630094
223,Lifespan Standing Desk TR-1200 DT-5,900,2019-11-29 20:01,False,excellent,7025267917,True,63.10254035357087
224,"Motorcycle, Metal, Folk Art, Man Cave, chopper, hipster, rat rod",20,2019-11-29 17:18,True,Unknown,7029292763,False,16.928602715918775
225,"Motorcycle, Metal, Folk Art, Man Cave, chopper, hipster, rat rod",20,2019-11-29 17:12,True,Unknown,7029290360,False,16.928602715918775
226,Samsung Galaxy SM-R810 42mm Bluetooth WiFi GPS Smartwatch - Rose Gold,260,2019-11-29 15:42,True,new,7028268472,False,13.168556535602395
227,Firm Price! Brand New in a Box Dashboard & Windshield Car Phone Mount,15,2019-11-29 15:37,True,new,7011497482,True,11.36474645482835
228,SURFBOARD - CHEMISTRY,95,2019-11-29 13:35,True,Unknown,7029177471,True,11.133285921471908
229,Rolex Submariner 16610ln,6950,2019-11-29 10:49,True,Unknown,7020449800,False,10.149320811993453
230,Psychedelic surfboard,325,2019-11-29 09:37,True,Unknown,7029008852,True,15.33252923715525
231,Bretford PowerSync Portable Charging Cart TL357LL/C for Apple iPods,300,2019-11-29 08:26,True,excellent,7027160324,False,8.38149755343288
232,iOS 13 iPhone Unlock SIM for any iPhone Carrier (Financed/Contract OK),35,2019-11-14 18:07,True,Unknown,7020311696,False,2272.9448774930606
233,Mophie Charge Stream Pad+,20,2019-11-28 16:32,True,excellent,7028742595,False,18.63607130988055
234,CUSTOM STUDIO DESK / Standing Desk - Music Production,995,2019-11-28 15:22,True,new,7028724098,True,121.82256427768517
235,üíó Cheapest in Town iPhone & Samsung Screen Repair üíó,25,2019-11-14 08:31,True,like new,7019914154,False,6.119242284165598
236,FIRM PRICE! NEW Waterproof Laptop Backpack,30,2019-11-28 13:30,True,new,7020195734,False,11.36474645482835
237,Firm Price! Brand New in a Box Tripod with Bluetooth Remote,30,2019-11-28 13:26,True,new,7015892810,True,11.36474645482835
238,Instant cash for junk cars + free towing!                                       ,1,2019-11-28 10:16,True,Unknown,7028623869,True,0.0
239,5-8 Watermark Twin Fish - Brand New,400,2019-11-28 08:49,True,new,7015990730,True,23.542766263304078
240,"5'10"" JS Surfboard (not Lost, Channel Islands, Al Merrick, Rusty",265,2019-11-27 20:48,True,excellent,7023677040,True,14.849251339555515
241,"Kenneth Cole Reaction -New -Back-Stage Access -16"" Leather Backpack",85,2019-11-27 18:05,True,new,7017599097,False,14.300821849872724
242,Pioneer MVH-1400NEX Car Stereo,200,2019-11-27 17:23,True,new,7028388810,True,13.399696528906432
243,Pioneer AVHX5700BHS Double-DIN DVD Receiver with 7-Inch Display,100,2019-11-27 17:13,True,excellent,7028389008,True,12.687232062916744
244,Soundstream VRN-65HB Navigation receiver,149,2019-11-27 16:16,True,Unknown,7009616079,True,23.247891137309747
245,Soundstream VRN-65HB Navigation receiver,149,2019-11-27 16:16,True,Unknown,7009826765,True,23.247891137309747
246,Soundstream VRN-65HB Navigation receiver,149,2019-11-27 16:16,True,Unknown,7010201371,True,23.247891137309747
247,Soundstream VRN-65HB Navigation receiver,149,2019-11-27 16:16,True,Unknown,7010202422,True,23.247891137309747
248,Soundstream VRN-65HB Navigation receiver,149,2019-11-27 16:16,True,Unknown,7010202784,True,23.247891137309747
249,"Cowhide Tote - the ""Real Thing""",26,2019-11-27 10:52,True,excellent,7025413585,False,12.714669937550394
250,üíóCheapest in Town iPhone & Samsung Screen Repair üíó,25,2019-11-13 08:26,True,like new,7019256925,False,6.119242284165598
251,Sony h.ear on wireless noise canceling headphone MDR-100ABN,90,2019-11-26 14:23,True,like new,7027727970,True,11.344987515936785
252,"JVC KW-V330BT 6.8"" Touch Screen 2 DIN DVD / CD Receiver w/ Bluetooth",119,2019-11-26 10:24,True,good,7027556447,False,13.918907946330398
253,Firm Price! Brand New Backpack with Charging Port & Security Lock,40,2019-11-26 10:21,True,new,7023330002,False,11.36474645482835
254,"JVC KW-V230BT Multimedia Receiver 6.2"" Touch screen Clear Resistive",109,2019-11-26 10:06,True,excellent,7027542312,True,13.918907946330398
255,"BONSAI SUPPLIES, TOOLS, POTS, AND PLANTS/ TREES",0,2019-11-26 09:39,True,Unknown,7024361846,True,12.841688852617906
256,Anki Drive Racing Starter Kit Smartphone Controlled Racing,35,2019-11-26 09:31,True,like new,7027513642,True,13.058698165001628
257,2018 Tesla Model 3 - Needs Some Work - Model 3 Tesla Fixer Upper,13900,2019-11-26 07:12,True,Unknown,7027413868,False,15.69173500698638
258,"Mid 2016 MacBook Pro 13‚Äù TouchBar,  512GB SSD, Apple Care until 6/2020, Final ",1100,2019-11-25 21:55,True,Unknown,7017167176,False,44.72772233058197
259,"Mid 2015 MacBook Pro 15‚Äù, 512 SSD, AMD Radeon R9 M370X Graphics Card, Final Cu",1100,2019-11-25 21:55,True,Unknown,7017168883,False,44.72772233058197
260,"New Hack Surfboard ""Runner"" 6'4 w/5 Fin Future Setup",500,2019-11-25 18:43,True,new,7022796781,False,23.542766263304078
261,"5'10 Hack Surfboard ""Runner"" 5 Fin",500,2019-11-25 18:43,True,new,7022797488,False,23.542766263304078
262,"New! 6'8 Hack ""Roller"" 5 Fin Diamond Tail",560,2019-11-25 18:43,True,new,7022798202,False,23.542766263304078
263,"NEW! 6'1 Hack ""Scrapper"" 5-Fin Squash Tail",500,2019-11-25 18:43,True,new,7023926608,False,23.542766263304078
264,Firm Price! Brand New Backpack with Charging Port & Security Lock,40,2019-11-25 16:43,True,new,7022686779,False,11.36474645482835
265,üíóCheapest in Town iPhone & Samsung Screen Repair & Used Phones Sellüíó,25,2019-11-12 08:30,True,like new,7018597157,False,6.119242284165598
266,"Sony Xperia Z Android Tablet 10.1""",250,2019-11-25 08:14,True,new,7014066736,True,16.71418471316016
267,General Aviation Headsets and 4 Place Intercom,550,2019-11-24 19:25,True,Unknown,7007572304,True,18.58801538381235
268,VRG Headset Virtual Reality Glasses for 3D and 360¬∞ Videos Movie Game,8,2019-11-24 11:18,True,Unknown,7026358139,False,13.058698165001628
269,üíóCheapest in Town iPhone & Samsung Screen Repair & Used Phones Sellüíó,25,2019-11-11 08:25,True,like new,7017906591,False,6.119242284165598
270,Portable Power Bank 20000mAh 45W USB TYPE-C PD QC3.0 Quick Charge Fast,19,2019-11-23 10:48,True,new,7025747769,False,14.802310086289184
271,‚ñá ‚ñáCA$H PAID 4 IPHONE IPAD MACBOOK GALAXY ‚ñá ‚ñá CASH NOW ‚ñá ‚ñá $ ‚ñá ‚ñá,900,2019-11-10 18:15,True,Unknown,7017655191,False,1245.247032431583
272,‚ñá ‚ñáCA$H PAID 4 IPHONE IPAD MACBOOK GALAXY ‚ñá ‚ñá CASH NOW ‚ñá ‚ñá $ ‚ñá ‚ñá,900,2019-11-10 17:42,True,Unknown,7017640938,False,1245.247032431583
273,‚ñá ‚ñáCA$H PAID 4 IPHONE IPAD MACBOOK GALAXY ‚ñá ‚ñá CASH NOW ‚ñá ‚ñá $ ‚ñá ‚ñá,900,2019-11-10 16:08,True,Unknown,7017599202,False,1245.247032431583
274,‚ñá ‚ñáCA$H PAID 4 IPHONE IPAD MACBOOK GALAXY ‚ñá ‚ñá CASH NOW ‚ñá ‚ñá $ ‚ñá ‚ñá,900,2019-11-09 17:56,True,Unknown,7017115441,False,1245.247032431583
275,‚ñá ‚ñáCA$H PAID 4 IPHONE IPAD MACBOOK GALAXY ‚ñá ‚ñá CASH NOW ‚ñá ‚ñá $ ‚ñá ‚ñá,900,2019-11-09 17:29,True,Unknown,7017105767,False,1245.247032431583
276,‚ñá ‚ñáCA$H PAID 4 IPHONE IPAD MACBOOK GALAXY ‚ñá ‚ñá CASH NOW ‚ñá ‚ñá $ ‚ñá ‚ñá,900,2019-11-09 16:11,True,Unknown,7017072096,False,1245.247032431583
277,‚ñá ‚ñáCA$H PAID 4 IPHONE IPAD MACBOOK GALAXY ‚ñá ‚ñá CASH NOW ‚ñá ‚ñá $ ‚ñá ‚ñá,900,2019-11-09 15:23,True,Unknown,7017049062,False,1245.247032431583
278,Instant cash for junk cars + free towing!                                       ,1,2019-11-21 10:16,True,Unknown,7024472132,True,0.0
279,Samsung Galaxy S8/S8 Plus/ S9/ S9 Plus / Note 8/ Note 9 Repair,0,2019-11-20 17:55,True,Unknown,7024124372,True,12.714669937550394
280,‚ñá ‚ñáCA$H PAID 4 IPHONE IPAD MACBOOK GALAXY ‚ñá ‚ñá CASH NOW ‚ñá ‚ñá $ ‚ñá ‚ñá,999,2019-11-08 13:50,True,Unknown,7016351182,False,7.893485586560033
281,‚ñá ‚ñáCA$H PAID 4 IPHONE IPAD MACBOOK GALAXY ‚ñá ‚ñá CASH NOW ‚ñá ‚ñá $ ‚ñá ‚ñá,999,2019-11-08 13:41,True,Unknown,7016344306,False,7.893485586560033
282,Apple iPhone Back Glass Only Repair,1,2019-11-08 09:50,True,like new,7016150847,True,6.0501283774880745
283,Apple iPhone Back Glass Only Repair,1,2019-11-08 09:51,True,like new,7016152203,True,6.0501283774880745
284,Atosa USA ATFS-50 Heavy Duty 50 LB Stainless Steel Deep Fryer,996,2019-11-07 18:16,True,new,7015824423,True,0.0
285,I Buy iPhones and Samsung,777,2019-11-18 13:40,True,Unknown,7022663031,True,6.984096224975709
286,I Buy iPhones and Samsung,777,2019-11-18 13:33,True,Unknown,7022658231,True,6.984096224975709
287,I Pay CASH for SmartPhones & Electronics,345,2019-11-18 12:32,True,Unknown,7022611124,True,14.573822163862479
288,"Cell Phone , Tablet, Computer Repair near You ( Payless Wireless )",0,2019-11-16 11:30,True,Unknown,7021370666,True,12.906395046452085
289,Samsung Galaxy S8/S8 Plus/ S9/ S9 Plus / Note 8/ Note 9 Repair,0,2019-11-16 10:45,True,Unknown,7021333691,True,12.714669937550394
290,Apple iPhone Back Glass Only Repair,1,2019-11-05 07:19,True,like new,7014021155,True,6.0501283774880745
291,Instant cash for junk cars + free towing!                                       ,1,2019-11-14 10:18,True,Unknown,7020004090,True,0.0
292,iPhone Repair Near me ( Payless Wireless ),0,2019-11-04 10:17,True,Unknown,7013453792,True,12.714669937550394
293,‚ñá ‚ñáCA$H PAID 4 IPHONE IPAD MACBOOK GALAXY ‚ñá ‚ñá CASH NOW ‚ñá ‚ñá $ ‚ñá ‚ñá,900,2019-11-03 19:30,True,Unknown,7013092770,False,1245.247032431583
294,‚ñá ‚ñáCA$H PAID 4 IPHONE IPAD MACBOOK GALAXY ‚ñá ‚ñá CASH NOW ‚ñá ‚ñá $ ‚ñá ‚ñá,900,2019-11-03 18:34,True,Unknown,7013072866,False,1245.247032431583
295,‚ñá ‚ñáCA$H PAID 4 IPHONE IPAD MACBOOK GALAXY ‚ñá ‚ñá CASH NOW ‚ñá ‚ñá $ ‚ñá ‚ñá,900,2019-11-03 17:42,True,Unknown,7013050841,False,1245.247032431583
296,‚ñá ‚ñáCA$H PAID 4 IPHONE IPAD MACBOOK GALAXY ‚ñá ‚ñá CASH NOW ‚ñá ‚ñá $ ‚ñá ‚ñá,900,2019-11-03 17:07,True,Unknown,7013034252,False,1245.247032431583
297,‚ñá ‚ñáCA$H PAID 4 IPHONE IPAD MACBOOK GALAXY ‚ñá ‚ñá CASH NOW ‚ñá ‚ñá $ ‚ñá ‚ñá,999,2019-11-03 12:02,True,Unknown,7012859790,False,7.893485586560033
298,Cell Phone Computer Repair Store ( Payless Wireless ),0,2019-11-11 09:56,True,Unknown,7017988340,True,12.906395046452085
299,"Cell Phone , Tablet, Computer Repair near me ( Payless Wireless )",0,2019-11-11 09:11,True,Unknown,7017947030,True,12.906395046452085
300,‚ñá ‚ñáCA$H PAID 4 IPHONE IPAD MACBOOK GALAXY ‚ñá ‚ñá CASH NOW ‚ñá ‚ñá $ ‚ñá ‚ñá,999,2019-11-01 15:31,True,Unknown,7011749518,False,7.893485586560033
301,‚ñá ‚ñáCA$H PAID 4 IPHONE IPAD MACBOOK GALAXY ‚ñá ‚ñá CASH NOW ‚ñá ‚ñá $ ‚ñá ‚ñá,999,2019-11-01 15:29,True,Unknown,7011747832,False,7.893485586560033
302,‚ñá ‚ñáCA$H PAID 4 IPHONE IPAD MACBOOK GALAXY ‚ñá ‚ñá CASH NOW ‚ñá ‚ñá $ ‚ñá ‚ñá,999,2019-11-01 15:09,True,Unknown,7011734674,False,7.893485586560033
303,ROCHE BOBOIS SOLID CHERRY PROVEN√áAL QUEEN SLEIGH BED,3285,2019-11-29 21:02,True,excellent,7017635622,True,2.6085850308228817
304,CALLIGARIS ROUND GLASS KITCHEN NOOK ROUND GLASS DINING TABLE,1895,2019-11-29 21:02,True,excellent,7017635768,True,2.6085850308228817
305,CALLIGARIS ROUND GLASS KITCHEN NOOK ROUND GLASS DINING TABLE,1895,2019-11-29 21:02,True,excellent,7017635965,True,2.6085850308228817
306,Surf TIDE 2020 Calendar,15,2019-11-29 13:34,True,new,7029176440,True,12.026527656315686
307,Surf TIDE 2020 Calendar,15,2019-11-29 13:34,True,new,7029176889,True,12.026527656315686
308,Encinitas 2020 TIDE Calendar,15,2019-11-29 13:35,True,new,7029177110,True,12.026527656315686
309,SKATEboarding 2020 Calendar,15,2019-11-29 13:35,True,new,7029177285,True,12.026527656315686
310,Instant cash for junk cars + free towing!                                       ,1,2019-11-07 10:16,True,Unknown,7015508228,True,0.0
311,"Cell Phone , Tablet, Computer Repair near me ( Payless Wireless )",0,2019-11-06 18:52,True,Unknown,7015179085,True,12.906395046452085
312,Star Wars Darth Vader Helmet USB Car Charger special edition from Disn,30,2019-11-25 10:18,True,new,7015609479,False,13.168556535602395
313,San Diego Cell Phone Repairs and Tablet Repairs Best Prices in Town,1,2019-11-05 03:02,True,like new,7013912881,True,6.080285964442471
314,Instant cash for junk cars + free towing!                                       ,1,2019-10-31 10:16,True,Unknown,7010870580,True,0.0
